ply
format ascii 1.0
comment Created in Blender version 4.3.1
element vertex 1968
property float x
property float y
property float z
property float nx
property float ny
property float nz
property float s
property float t
element face 968
property list uchar uint vertex_indices
end_header
0.46875 -0.7578125 0.2421875 0.66563886 -0.71886843 -0.20038217 0.84325 0.588863
0.5 -0.6875 0.09375 0.66547495 -0.7189941 -0.20047612 0.794218 0.611927
0.5625 -0.671875 0.2421875 0.6617073 -0.7218625 -0.20262806 0.815334 0.560948
-0.5 -0.6875 0.09375 -0.66547495 -0.7189941 -0.20047612 0.866314 0.937441
-0.46875 -0.7578125 0.2421875 -0.66563886 -0.71886843 -0.20038217 0.889378 0.888409
-0.5625 -0.671875 0.2421875 -0.6617073 -0.7218625 -0.20262806 0.917293 0.916324
0.5625 -0.671875 0.2421875 0.82882303 -0.46975452 -0.30394584 0.815334 0.560948
0.546875 -0.578125 0.0546875 0.8302156 -0.46783626 -0.30310273 0.746541 0.611927
0.625 -0.5625 0.2421875 0.82683414 -0.47247666 -0.30514118 0.781622 0.527235
-0.546875 -0.578125 0.0546875 -0.8302156 -0.46783626 -0.30310273 0.866314 0.985118
-0.5625 -0.671875 0.2421875 -0.82882303 -0.46975452 -0.30394584 0.917293 0.916324
-0.625 -0.5625 0.2421875 -0.82683414 -0.47247666 -0.30514118 0.951006 0.950037
0.5 -0.6875 0.09375 0.41328385 -0.4484138 -0.7925412 0.794218 0.611927
0.3515625 -0.6171875 -0.0234375 0.41872674 -0.44000924 -0.79439276 0.781622 0.696619
0.546875 -0.578125 0.0546875 0.4076249 -0.45703402 -0.7905453 0.746541 0.611927
-0.3515625 -0.6171875 -0.0234375 -0.41872674 -0.44000924 -0.79439276 0.781622 0.950037
-0.5 -0.6875 0.09375 -0.41328385 -0.4484138 -0.7925412 0.866314 0.937441
-0.546875 -0.578125 0.0546875 -0.4076249 -0.45703402 -0.7905453 0.866314 0.985118
0.4375 -0.765625 0.1640625 0.3582579 -0.78317076 -0.50822717 0.833697 0.611927
0.3515625 -0.71875 0.03125 0.35645846 -0.78445256 -0.5075152 0.815334 0.662907
0.5 -0.6875 0.09375 0.37906674 -0.76793694 -0.51631504 0.794218 0.611927
-0.3515625 -0.71875 0.03125 -0.35645846 -0.78445256 -0.5075152 0.815334 0.916325
-0.4375 -0.765625 0.1640625 -0.3582579 -0.78317076 -0.50822717 0.866314 0.897962
-0.5 -0.6875 0.09375 -0.37906674 -0.76793694 -0.51631504 0.866314 0.937441
0.3515625 -0.78125 0.1328125 -0.07785151 -0.8371855 -0.54134977 0.84325 0.634991
0.203125 -0.7421875 0.09375 -0.07712051 -0.83613425 -0.5430764 0.866314 0.684023
0.3515625 -0.71875 0.03125 -0.085881755 -0.84851176 -0.52216107 0.815334 0.662907
-0.203125 -0.7421875 0.09375 0.07712051 -0.83613425 -0.5430764 0.794218 0.865345
-0.3515625 -0.78125 0.1328125 0.07785151 -0.8371855 -0.54134977 0.84325 0.888409
-0.3515625 -0.71875 0.03125 0.085881755 -0.84851176 -0.52216107 0.815334 0.916325
0.3515625 -0.71875 0.03125 -0.26858917 -0.4648606 -0.84366137 0.815334 0.662907
0.15625 -0.6484375 0.0546875 -0.2709552 -0.4732447 -0.83822596 0.866314 0.7317
0.3515625 -0.6171875 -0.0234375 -0.26635033 -0.4569736 -0.8486653 0.781622 0.696619
-0.15625 -0.6484375 0.0546875 0.2709552 -0.4732447 -0.83822596 0.746541 0.865345
-0.3515625 -0.71875 0.03125 0.26858917 -0.4648606 -0.84366137 0.815334 0.916325
-0.3515625 -0.6171875 -0.0234375 0.26635033 -0.4569736 -0.8486653 0.781622 0.950037
0.140625 -0.7421875 0.2421875 -0.767377 -0.54563785 -0.33676702 0.917293 0.662907
0.15625 -0.6484375 0.0546875 -0.77429503 -0.5378472 -0.33344823 0.866314 0.7317
0.203125 -0.7421875 0.09375 -0.78242034 -0.52847683 -0.32944012 0.866314 0.684023
-0.140625 -0.7421875 0.2421875 0.767377 -0.54563785 -0.33676702 0.815334 0.814366
-0.15625 -0.6484375 0.0546875 0.77429503 -0.5378472 -0.33344823 0.746541 0.865345
-0.078125 -0.65625 0.2421875 0.7605701 -0.5531419 -0.3399518 0.781622 0.780653
0.2421875 -0.796875 0.2421875 -0.46935472 -0.8614648 -0.19386739 0.889378 0.634991
0.203125 -0.7421875 0.09375 -0.46977836 -0.8612747 -0.19368586 0.866314 0.684023
0.2734375 -0.796875 0.1640625 -0.4767313 -0.8581163 -0.19069251 0.866314 0.644544
-0.2421875 -0.796875 0.2421875 0.46935472 -0.8614648 -0.19386739 0.84325 0.842281
-0.203125 -0.7421875 0.09375 0.46977836 -0.8612747 -0.19368586 0.794218 0.865345
-0.140625 -0.7421875 0.2421875 0.46492702 -0.86343586 -0.19575875 0.815334 0.814366
0.2421875 -0.796875 0.2421875 -0.47721606 -0.8578934 0.19048281 0.889378 0.634991
0.203125 -0.7421875 0.390625 -0.47956097 -0.8568103 0.18946671 0.93841 0.611927
0.140625 -0.7421875 0.2421875 -0.46492702 -0.86343586 0.19575875 0.917293 0.662907
-0.203125 -0.7421875 0.390625 0.47956097 -0.8568103 0.18946671 0.866314 0.793249
-0.2421875 -0.796875 0.2421875 0.47721606 -0.8578934 0.19048281 0.84325 0.842281
-0.140625 -0.7421875 0.2421875 0.46492702 -0.86343586 0.19575875 0.815334 0.814366
0.203125 -0.7421875 0.390625 -0.76756793 -0.5510905 0.32732064 0.93841 0.611927
0.078125 -0.65625 0.2421875 -0.7666865 -0.55361676 0.32511574 0.951006 0.696619
0.140625 -0.7421875 0.2421875 -0.7655678 -0.5567766 0.3223443 0.917293 0.662907
-0.203125 -0.7421875 0.390625 0.76756793 -0.5510905 0.32732064 0.866314 0.793249
-0.078125 -0.65625 0.2421875 0.7666865 -0.55361676 0.32511574 0.781622 0.780653
-0.15625 -0.6484375 0.4375 0.7683498 -0.54882133 0.32929277 0.866314 0.745572
0.3515625 -0.71875 0.453125 -0.2509779 -0.51502544 0.81960905 0.917294 0.560947
0.15625 -0.6484375 0.4375 -0.25317496 -0.5223062 0.81430876 0.986087 0.611927
0.203125 -0.7421875 0.390625 -0.25598687 -0.531665 0.8073432 0.93841 0.611927
-0.3515625 -0.71875 0.453125 0.2509779 -0.51502544 0.81960905 0.917294 0.814365
-0.15625 -0.6484375 0.4375 0.25317496 -0.5223062 0.81430876 0.866314 0.745572
-0.3515625 -0.6171875 0.515625 0.2487366 -0.5076257 0.8248918 0.951006 0.780653
0.3515625 -0.78125 0.359375 -0.094557784 -0.81578183 0.57057774 0.889378 0.588863
0.203125 -0.7421875 0.390625 -0.09324389 -0.8135281 0.57400155 0.93841 0.611927
0.2734375 -0.796875 0.328125 -0.08213785 -0.79399925 0.6023442 0.898931 0.611927
-0.3515625 -0.78125 0.359375 0.094557784 -0.81578183 0.57057774 0.889378 0.842281
-0.203125 -0.7421875 0.390625 0.09324389 -0.8135281 0.57400155 0.866314 0.793249
-0.3515625 -0.71875 0.453125 0.101652324 -0.8277404 0.5518269 0.917294 0.814365
0.4375 -0.765625 0.328125 0.36585635 -0.7603583 0.53666055 0.866314 0.57931
0.3515625 -0.71875 0.453125 0.36234456 -0.7630306 0.53524834 0.917294 0.560947
0.3515625 -0.78125 0.359375 0.33286193 -0.7846031 0.5230687 0.889378 0.588863
-0.4375 -0.765625 0.328125 -0.36585635 -0.7603583 0.53666055 0.898931 0.865345
-0.3515625 -0.71875 0.453125 -0.36234456 -0.7630306 0.53524834 0.917294 0.814365
-0.5 -0.6875 0.390625 -0.38606003 -0.7445443 0.5446204 0.93841 0.865345
0.5 -0.6875 0.390625 0.4119009 -0.49291936 0.7663995 0.866314 0.539831
0.3515625 -0.6171875 0.515625 0.41712266 -0.4854012 0.76837134 0.951006 0.527235
0.3515625 -0.71875 0.453125 0.42456698 -0.474516 0.7710886 0.917294 0.560947
-0.5 -0.6875 0.390625 -0.4119009 -0.49291936 0.7663995 0.93841 0.865345
-0.3515625 -0.6171875 0.515625 -0.41712266 -0.4854012 0.76837134 0.951006 0.780653
-0.546875 -0.578125 0.4375 -0.4059141 -0.5014233 0.7640736 0.986087 0.865345
0.5625 -0.671875 0.2421875 0.82825583 -0.47644067 0.29495203 0.815334 0.560948
0.546875 -0.578125 0.4375 0.82708216 -0.47805482 0.29563287 0.866314 0.492154
0.5 -0.6875 0.390625 0.8250748 -0.48079902 0.29678947 0.866314 0.539831
-0.5625 -0.671875 0.2421875 -0.82825583 -0.47644067 0.29495203 0.917293 0.916324
-0.546875 -0.578125 0.4375 -0.82708216 -0.47805482 0.29563287 0.986087 0.865345
-0.625 -0.5625 0.2421875 -0.8298687 -0.47421065 0.29401064 0.951006 0.950037
0.46875 -0.7578125 0.2421875 0.6725998 -0.71347815 0.19636337 0.84325 0.588863
0.5 -0.6875 0.390625 0.6730224 -0.7131471 0.1961176 0.866314 0.539831
0.4375 -0.765625 0.328125 0.6887994 -0.70047396 0.18679306 0.866314 0.57931
-0.46875 -0.7578125 0.2421875 -0.6725998 -0.71347815 0.19636337 0.889378 0.888409
-0.5 -0.6875 0.390625 -0.6730224 -0.7131471 0.1961176 0.93841 0.865345
-0.5625 -0.671875 0.2421875 -0.6617073 -0.7218625 0.20262806 0.917293 0.916324
0.4375 -0.765625 0.328125 0.7879828 0.5320761 0.3098034 0.866314 0.57931
0.4765625 -0.7734375 0.2421875 0.8334213 0.43632334 0.3391621 0.8476 0.593213
0.46875 -0.7578125 0.2421875 0.839964 0.419982 0.34362158 0.84325 0.588863
-0.4375 -0.765625 0.328125 -0.7879828 0.5320761 0.3098034 0.898931 0.865345
-0.4765625 -0.7734375 0.2421875 -0.8334213 0.43632334 0.3391621 0.885028 0.884059
-0.4453125 -0.78125 0.3359375 -0.78157187 0.5437022 0.30583248 0.89278 0.865345
0.3515625 -0.78125 0.359375 0.20405038 0.54053545 0.8162015 0.889378 0.588863
0.4453125 -0.78125 0.3359375 0.2067453 0.5228369 0.8269812 0.866314 0.585461
0.4375 -0.765625 0.328125 0.20739034 0.5184759 0.82956135 0.866314 0.57931
-0.3515625 -0.78125 0.359375 -0.20405038 0.54053545 0.8162015 0.889378 0.842281
-0.4453125 -0.78125 0.3359375 -0.2067453 0.5228369 0.8269812 0.89278 0.865345
-0.3515625 -0.8046875 0.375 -0.20365328 0.5430754 0.8146131 0.885028 0.846631
0.2734375 -0.796875 0.328125 -0.43308988 0.42814502 0.793174 0.898931 0.611927
0.3515625 -0.8046875 0.375 -0.41197625 0.48991948 0.7682803 0.885028 0.593213
0.3515625 -0.78125 0.359375 -0.4056161 0.5070202 0.7605302 0.889378 0.588863
-0.2734375 -0.796875 0.328125 0.43308988 0.42814502 0.793174 0.866314 0.832728
-0.3515625 -0.8046875 0.375 0.41197625 0.48991948 0.7682803 0.885028 0.846631
-0.265625 -0.8203125 0.3359375 0.43806288 0.41229445 0.7988205 0.866314 0.838879
0.2421875 -0.796875 0.2421875 -0.7987928 0.50556487 0.32608944 0.889378 0.634991
0.265625 -0.8203125 0.3359375 -0.8503124 0.4197125 0.31750622 0.89278 0.611927
0.2734375 -0.796875 0.328125 -0.86424166 0.3928371 0.3142697 0.898931 0.611927
-0.2421875 -0.796875 0.2421875 0.7987928 0.50556487 0.32608944 0.84325 0.842281
-0.265625 -0.8203125 0.3359375 0.8503124 0.4197125 0.31750622 0.866314 0.838879
-0.2265625 -0.8203125 0.2421875 0.7861462 0.52409744 0.3275609 0.8476 0.846631
0.2421875 -0.796875 0.2421875 -0.7909415 0.50038147 -0.352179 0.889378 0.634991
0.265625 -0.8203125 0.15625 -0.8377188 0.42404148 -0.34411642 0.866314 0.638393
0.2265625 -0.8203125 0.2421875 -0.77825004 0.5188333 -0.35375 0.885028 0.630641
-0.265625 -0.8203125 0.15625 0.8377188 0.42404148 -0.34411642 0.839848 0.865345
-0.2421875 -0.796875 0.2421875 0.7909415 0.50038147 -0.352179 0.84325 0.842281
-0.2265625 -0.8203125 0.2421875 0.77825004 0.5188333 -0.35375 0.8476 0.846631
0.2734375 -0.796875 0.1640625 -0.43308988 0.42814502 -0.793174 0.866314 0.644544
0.3515625 -0.8046875 0.1171875 -0.41197625 0.48991948 -0.7682803 0.8476 0.630641
0.265625 -0.8203125 0.15625 -0.43806288 0.41229445 -0.7988205 0.866314 0.638393
-0.3515625 -0.8046875 0.1171875 0.41197625 0.48991948 -0.7682803 0.8476 0.884059
-0.2734375 -0.796875 0.1640625 0.43308988 0.42814502 -0.793174 0.833697 0.865345
-0.265625 -0.8203125 0.15625 0.43806288 0.41229445 -0.7988205 0.839848 0.865345
0.3515625 -0.78125 0.1328125 0.20405038 0.54053545 -0.8162015 0.84325 0.634991
0.4453125 -0.78125 0.15625 0.2067453 0.5228369 -0.8269812 0.839848 0.611927
0.3515625 -0.8046875 0.1171875 0.20365328 0.5430754 -0.8146131 0.8476 0.630641
-0.4453125 -0.78125 0.15625 -0.2067453 0.5228369 -0.8269812 0.866314 0.891811
-0.3515625 -0.78125 0.1328125 -0.20405038 0.54053545 -0.8162015 0.84325 0.888409
-0.3515625 -0.8046875 0.1171875 -0.20365328 0.5430754 -0.8146131 0.8476 0.884059
0.4375 -0.765625 0.1640625 0.7757469 0.53518564 -0.33435488 0.833697 0.611927
0.4765625 -0.7734375 0.2421875 0.822347 0.43416628 -0.36775684 0.8476 0.593213
0.4453125 -0.78125 0.15625 0.7683498 0.54882133 -0.32929277 0.839848 0.611927
-0.4765625 -0.7734375 0.2421875 -0.822347 0.43416628 -0.36775684 0.885028 0.884059
-0.4375 -0.765625 0.1640625 -0.7757469 0.53518564 -0.33435488 0.866314 0.897962
-0.4453125 -0.78125 0.15625 -0.7683498 0.54882133 -0.32929277 0.866314 0.891811
0.3515625 -0.828125 0.2421875 0.40003914 -0.9143752 -0.06234376 0.866314 0.611927
0.4453125 -0.78125 0.15625 0.4000392 -0.91437525 -0.062343773 0.839848 0.611927
0.4765625 -0.7734375 0.2421875 0.40003914 -0.91437525 -0.06234376 0.8476 0.593213
-0.4765625 -0.7734375 0.2421875 -0.40003914 -0.91437525 -0.06234376 0.885028 0.884059
-0.4453125 -0.78125 0.15625 -0.4000392 -0.91437525 -0.062343773 0.866314 0.891811
-0.3515625 -0.828125 0.2421875 -0.40003914 -0.9143752 -0.06234376 0.866314 0.865345
0.3515625 -0.8046875 0.1171875 0.30693752 -0.9354286 -0.17539287 0.8476 0.630641
0.4453125 -0.78125 0.15625 0.30693752 -0.9354287 -0.17539287 0.839848 0.611927
0.3515625 -0.828125 0.2421875 0.30693755 -0.9354287 -0.17539287 0.866314 0.611927
-0.3515625 -0.828125 0.2421875 -0.30693755 -0.9354287 -0.17539287 0.866314 0.865345
-0.4453125 -0.78125 0.15625 -0.30693752 -0.9354287 -0.17539287 0.866314 0.891811
-0.3515625 -0.8046875 0.1171875 -0.30693752 -0.9354286 -0.17539287 0.8476 0.884059
0.3515625 -0.828125 0.2421875 0.09451157 -0.9784727 -0.18346362 0.866314 0.611927
0.265625 -0.8203125 0.15625 0.09451156 -0.97847265 -0.18346362 0.866314 0.638393
0.3515625 -0.8046875 0.1171875 0.09451156 -0.97847265 -0.18346362 0.8476 0.630641
-0.3515625 -0.8046875 0.1171875 -0.09451156 -0.97847265 -0.18346362 0.8476 0.884059
-0.265625 -0.8203125 0.15625 -0.09451156 -0.97847265 -0.18346362 0.839848 0.865345
-0.3515625 -0.828125 0.2421875 -0.09451157 -0.9784727 -0.18346362 0.866314 0.865345
0.3515625 -0.828125 0.2421875 -0.062353227 -0.99765164 -0.028342376 0.866314 0.611927
0.2265625 -0.8203125 0.2421875 -0.062353227 -0.99765164 -0.028342376 0.885028 0.630641
0.265625 -0.8203125 0.15625 -0.06235323 -0.9976517 -0.02834238 0.866314 0.638393
-0.265625 -0.8203125 0.15625 0.06235323 -0.9976517 -0.02834238 0.839848 0.865345
-0.2265625 -0.8203125 0.2421875 0.062353227 -0.99765164 -0.028342376 0.8476 0.846631
-0.3515625 -0.828125 0.2421875 0.062353227 -0.99765164 -0.028342376 0.866314 0.865345
0.3515625 -0.828125 0.2421875 -0.06235723 -0.99771565 0.025982179 0.866314 0.611927
0.265625 -0.8203125 0.3359375 -0.062357232 -0.9977157 0.02598218 0.89278 0.611927
0.2265625 -0.8203125 0.2421875 -0.06235723 -0.99771565 0.025982177 0.885028 0.630641
-0.2265625 -0.8203125 0.2421875 0.06235723 -0.99771565 0.025982177 0.8476 0.846631
-0.265625 -0.8203125 0.3359375 0.062357232 -0.9977157 0.02598218 0.866314 0.838879
-0.3515625 -0.828125 0.2421875 0.06235723 -0.99771565 0.025982179 0.866314 0.865345
0.3515625 -0.828125 0.2421875 0.099561095 -0.97989064 0.17292188 0.866314 0.611927
0.3515625 -0.8046875 0.375 0.09956108 -0.9798906 0.17292187 0.885028 0.593213
0.265625 -0.8203125 0.3359375 0.09956108 -0.97989064 0.17292187 0.89278 0.611927
-0.265625 -0.8203125 0.3359375 -0.09956108 -0.97989064 0.17292187 0.866314 0.838879
-0.3515625 -0.8046875 0.375 -0.09956108 -0.9798906 0.17292187 0.885028 0.846631
-0.3515625 -0.828125 0.2421875 -0.099561095 -0.97989064 0.17292188 0.866314 0.865345
0.3515625 -0.828125 0.2421875 0.30357105 -0.93831056 0.1655842 0.866314 0.611927
0.4453125 -0.78125 0.3359375 0.30357105 -0.93831056 0.1655842 0.866314 0.585461
0.3515625 -0.8046875 0.375 0.30357105 -0.93831056 0.1655842 0.885028 0.593213
-0.3515625 -0.8046875 0.375 -0.30357105 -0.93831056 0.1655842 0.885028 0.846631
-0.4453125 -0.78125 0.3359375 -0.30357105 -0.93831056 0.1655842 0.89278 0.865345
-0.3515625 -0.828125 0.2421875 -0.30357105 -0.93831056 0.1655842 0.866314 0.865345
0.3515625 -0.828125 0.2421875 0.40016335 -0.91465914 0.057166196 0.866314 0.611927
0.4765625 -0.7734375 0.2421875 0.40016335 -0.91465914 0.057166196 0.8476 0.593213
0.4453125 -0.78125 0.3359375 0.40016338 -0.9146592 0.0571662 0.866314 0.585461
-0.4453125 -0.78125 0.3359375 -0.40016338 -0.9146592 0.0571662 0.89278 0.865345
-0.4765625 -0.7734375 0.2421875 -0.40016335 -0.91465914 0.057166196 0.885028 0.884059
-0.3515625 -0.828125 0.2421875 -0.40016335 -0.91465914 0.057166196 0.866314 0.865345
0.1640625 -0.6328125 -0.9296875 0.12927243 -0.47991905 -0.86773634 0.517028 0.06849
0 -0.578125 -0.984375 0.114917964 -0.5085659 -0.8533199 0.5 0.054411
0.1796875 -0.5546875 -0.96875 0.13669164 -0.46475157 -0.8748265 0.520711 0.060503
-0.1640625 -0.6328125 -0.9296875 -0.12927243 -0.47991905 -0.86773634 0.482972 0.06849
0 -0.578125 -0.984375 -0.114917964 -0.5085659 -0.8533199 0.5 0.054411
0 -0.640625 -0.9453125 -0.10540926 -0.52704626 -0.84327406 0.5 0.064527
0.234375 -0.6328125 -0.9140625 0.21375774 -0.45535663 -0.8642673 0.522612 0.070678
0.1796875 -0.5546875 -0.96875 0.21549872 -0.4542449 -0.86442 0.520711 0.060503
0.328125 -0.5234375 -0.9453125 0.23028931 -0.4446966 -0.8655702 0.530457 0.065062
-0.234375 -0.6328125 -0.9140625 -0.21375774 -0.45535663 -0.8642673 0.477388 0.070678
-0.1796875 -0.5546875 -0.96875 -0.21549872 -0.4542449 -0.86442 0.479289 0.060503
-0.1640625 -0.6328125 -0.9296875 -0.1915565 -0.46931338 -0.8620042 0.482972 0.06849
0.3671875 -0.53125 -0.890625 0.5855391 -0.6557107 -0.4766419 0.532878 0.067822
0.234375 -0.6328125 -0.9140625 0.59241575 -0.6722335 -0.44401094 0.522612 0.070678
0.328125 -0.5234375 -0.9453125 0.57879317 -0.6403669 -0.5049047 0.530457 0.065062
-0.234375 -0.6328125 -0.9140625 -0.59241575 -0.6722335 -0.44401094 0.477388 0.070678
-0.3671875 -0.53125 -0.890625 -0.5855391 -0.6557107 -0.4766419 0.467122 0.067822
-0.328125 -0.5234375 -0.9453125 -0.57879317 -0.6403669 -0.5049047 0.469543 0.065062
0.3515625 -0.5703125 -0.6953125 0.7680799 -0.6384606 -0.049209446 0.544695 0.083023
0.265625 -0.6640625 -0.8203125 0.76720995 -0.63961667 -0.04774437 0.526301 0.079422
0.3671875 -0.53125 -0.890625 0.77630275 -0.6271709 -0.06332996 0.532878 0.067822
-0.265625 -0.6640625 -0.8203125 -0.76720995 -0.63961667 -0.04774437 0.473699 0.079422
-0.3515625 -0.5703125 -0.6953125 -0.7680799 -0.6384606 -0.049209446 0.455305 0.083023
-0.3671875 -0.53125 -0.890625 -0.77630275 -0.6271709 -0.06332996 0.467122 0.067822
0.3125 -0.5703125 -0.4375 0.78748804 -0.61056846 0.08407711 0.565647 0.115495
0.25 -0.6875 -0.703125 0.7699533 -0.6306734 0.09707276 0.529228 0.091098
0.3515625 -0.5703125 -0.6953125 0.7470849 -0.65501994 0.11319468 0.544695 0.083023
-0.25 -0.6875 -0.703125 -0.7699533 -0.6306734 0.09707276 0.470772 0.091098
-0.3125 -0.5703125 -0.4375 -0.78748804 -0.61056846 0.08407711 0.434353 0.115495
-0.3515625 -0.5703125 -0.6953125 -0.7470849 -0.65501994 0.11319468 0.455305 0.083023
0.203125 -0.5625 -0.1875 0.32581016 -0.47167468 -0.8193722 0.586916 0.172042
0.3984375 -0.671875 -0.046875 0.3022812 -0.5020306 -0.8103033 0.60047 0.238288
0.125 -0.8125 -0.1015625 0.37465492 -0.40395254 -0.83453935 0.535885 0.215568
-0.3984375 -0.671875 -0.046875 -0.3022812 -0.5020306 -0.8103033 0.39953 0.238288
-0.203125 -0.5625 -0.1875 -0.32581016 -0.47167468 -0.8193722 0.413084 0.172042
-0.125 -0.8125 -0.1015625 -0.37465492 -0.40395254 -0.83453935 0.464115 0.215568
0.6328125 -0.5390625 -0.0390625 0.3961818 -0.6617004 -0.6365473 0.650908 0.240294
0.3984375 -0.671875 -0.046875 0.37867048 -0.62826407 -0.67962706 0.60047 0.238288
0.4375 -0.53125 -0.140625 0.35569704 -0.58481723 -0.7290188 0.626605 0.208159
-0.6328125 -0.5390625 -0.0390625 -0.3961818 -0.6617004 -0.6365473 0.349092 0.240294
-0.3984375 -0.671875 -0.046875 -0.37867048 -0.62826407 -0.67962706 0.39953 0.238288
-0.6171875 -0.625 0.0546875 -0.4177436 -0.7033636 -0.5751261 0.363038 0.261221
0.6328125 -0.5390625 -0.0390625 0.6908833 -0.5888785 -0.41940734 0.650908 0.240294
0.7265625 -0.6015625 0.203125 0.6891261 -0.59102374 -0.41928077 0.655896 0.284413
0.6171875 -0.625 0.0546875 0.69473153 -0.5841416 -0.41967458 0.636962 0.261221
-0.7265625 -0.6015625 0.203125 -0.6891261 -0.59102374 -0.41928077 0.344104 0.284413
-0.6328125 -0.5390625 -0.0390625 -0.6908833 -0.5888785 -0.41940734 0.349092 0.240294
-0.6171875 -0.625 0.0546875 -0.69473153 -0.5841416 -0.41967458 0.363038 0.261221
0.859375 -0.59375 0.4296875 0.6298685 -0.6957541 -0.34524179 0.684517 0.317795
0.7265625 -0.6015625 0.203125 0.6676238 -0.6465802 -0.36906984 0.655896 0.284413
0.828125 -0.4453125 0.1484375 0.7028484 -0.59388894 -0.39153567 0.689501 0.268805
-0.859375 -0.59375 0.4296875 -0.6298685 -0.6957541 -0.34524179 0.315483 0.317795
-0.7265625 -0.6015625 0.203125 -0.6676238 -0.6465802 -0.36906984 0.344104 0.284413
-0.7421875 -0.65625 0.375 -0.55370706 -0.7776508 -0.29777136 0.340493 0.313152
0.7109375 -0.625 0.484375 0.5707588 -0.73191947 0.3721938 0.671357 0.334694
0.7421875 -0.65625 0.375 0.5947461 -0.7119624 0.37334532 0.659507 0.313152
0.859375 -0.59375 0.4296875 0.3126936 -0.8859652 0.34247398 0.684517 0.317795
-0.7109375 -0.625 0.484375 -0.5707588 -0.73191947 0.3721938 0.328643 0.334694
-0.7421875 -0.65625 0.375 -0.5947461 -0.7119624 0.37334532 0.340493 0.313152
-0.6875 -0.7265625 0.4140625 -0.822669 -0.4395081 0.36062205 0.350893 0.322437
0.4921875 -0.6875 0.6015625 0.5053492 -0.5724775 0.6456716 0.636775 0.370732
0.6875 -0.7265625 0.4140625 0.5076678 -0.5685982 0.64727855 0.649107 0.322437
0.7109375 -0.625 0.484375 0.5090583 -0.5662559 0.6482391 0.671357 0.334694
-0.4921875 -0.6875 0.6015625 -0.5053492 -0.5724775 0.6456716 0.363225 0.370732
-0.6875 -0.7265625 0.4140625 -0.5076678 -0.5685982 0.64727855 0.350893 0.322437
-0.4375 -0.796875 0.546875 -0.504141 -0.57448626 0.6448315 0.386364 0.353108
0.4921875 -0.6875 0.6015625 0.6067422 -0.5960903 0.5258711 0.636775 0.370732
0.3125 -0.8359375 0.640625 0.61022156 -0.6036819 0.51302814 0.594178 0.371277
0.4375 -0.796875 0.546875 0.59771585 -0.577105 0.55649406 0.613636 0.353108
-0.3125 -0.8359375 0.640625 -0.61022156 -0.6036819 0.51302814 0.405822 0.371277
-0.4921875 -0.6875 0.6015625 -0.6067422 -0.5960903 0.5258711 0.363225 0.370732
-0.4375 -0.796875 0.546875 -0.59771585 -0.577105 0.55649406 0.386364 0.353108
0.15625 -0.7578125 0.71875 -0.0438214 -0.7488885 0.66124564 0.581044 0.398468
0.3125 -0.8359375 0.640625 -0.043307245 -0.74842197 0.6618075 0.594178 0.371277
0.3203125 -0.734375 0.7578125 -0.04859295 -0.75319076 0.65600485 0.602261 0.395588
-0.15625 -0.7578125 0.71875 0.0438214 -0.7488885 0.66124564 0.418956 0.398468
-0.3125 -0.8359375 0.640625 0.043307245 -0.74842197 0.6618075 0.405822 0.371277
-0.203125 -0.8515625 0.6171875 0.037139066 -0.74278134 0.6685032 0.422649 0.373341
0.0625 -0.75 0.4921875 -0.73092073 -0.5901078 0.34282324 0.532016 0.387365
0.203125 -0.8515625 0.6171875 -0.71970093 -0.6253835 0.30153942 0.577351 0.373341
0.15625 -0.7578125 0.71875 -0.7103533 -0.6493535 0.27154782 0.581044 0.398468
-0.0625 -0.75 0.4921875 0.73092073 -0.5901078 0.34282324 0.467984 0.387365
-0.203125 -0.8515625 0.6171875 0.71970093 -0.6253835 0.30153942 0.422649 0.373341
-0.1015625 -0.84375 0.4296875 0.7386325 -0.55896515 0.37680238 0.460183 0.354339
0 -0.7421875 0.4296875 -0.5891895 -0.5891895 0.55291176 0.5 0.38286
0.1015625 -0.84375 0.4296875 -0.5883122 -0.5883122 0.55477697 0.539817 0.354339
0.0625 -0.75 0.4921875 -0.6013168 -0.6013168 0.52615225 0.532016 0.387365
0 -0.7421875 0.4296875 0.5891895 -0.5891895 0.55291176 0.5 0.38286
-0.1015625 -0.84375 0.4296875 0.5883122 -0.5883122 0.55477697 0.460183 0.354339
0 -0.8203125 0.3515625 0.5773503 -0.5773503 0.5773503 0.5 0.340417
0.25 -0.7578125 0.46875 0.5354322 -0.738878 -0.4091109 0.579057 0.335646
0.1015625 -0.84375 0.4296875 0.5341686 -0.72510254 -0.43461502 0.539817 0.354339
0.1640625 -0.7734375 0.4140625 0.5070232 -0.5902658 -0.6281034 0.559135 0.334326
-0.25 -0.7578125 0.46875 -0.5354322 -0.738878 -0.4091109 0.420943 0.335646
-0.1015625 -0.84375 0.4296875 -0.5341686 -0.72510254 -0.43461502 0.460183 0.354339
-0.203125 -0.8515625 0.6171875 -0.5364082 -0.77968633 -0.32304135 0.422649 0.373341
0.25 -0.7578125 0.46875 0.21955076 -0.855611 -0.46875075 0.579057 0.335646
0.3125 -0.8359375 0.640625 0.22142163 -0.85492635 -0.46911988 0.594178 0.371277
0.203125 -0.8515625 0.6171875 0.22264528 -0.85447645 -0.46936032 0.577351 0.373341
-0.3125 -0.8359375 0.640625 -0.22142163 -0.85492635 -0.46911988 0.405822 0.371277
-0.25 -0.7578125 0.46875 -0.21955076 -0.855611 -0.46875075 0.420943 0.335646
-0.203125 -0.8515625 0.6171875 -0.22264528 -0.85447645 -0.46936032 0.422649 0.373341
0.4375 -0.796875 0.546875 -0.079885885 -0.84323233 -0.5315804 0.613636 0.353108
0.328125 -0.7421875 0.4765625 -0.06902316 -0.83665574 -0.5433628 0.59209 0.332885
0.4296875 -0.71875 0.4375 -0.034841277 -0.81441486 -0.5792362 0.606163 0.325516
-0.4375 -0.796875 0.546875 0.079885885 -0.84323233 -0.5315804 0.386364 0.353108
-0.328125 -0.7421875 0.4765625 0.06902316 -0.83665574 -0.5433628 0.40791 0.332885
-0.3125 -0.8359375 0.640625 0.10734844 -0.85878754 -0.5009594 0.405822 0.371277
0.6875 -0.7265625 0.4140625 -0.08567787 -0.69978815 -0.7091938 0.649107 0.322437
0.4296875 -0.71875 0.4375 -0.08023549 -0.7778501 -0.62330705 0.606163 0.325516
0.6015625 -0.6640625 0.375 -0.08990185 -0.6138126 -0.7843162 0.628251 0.311636
-0.6875 -0.7265625 0.4140625 0.08567787 -0.69978815 -0.7091938 0.350893 0.322437
-0.4296875 -0.71875 0.4375 0.08023549 -0.7778501 -0.62330705 0.393837 0.325516
-0.4375 -0.796875 0.546875 0.07701517 -0.81391037 -0.5758634 0.386364 0.353108
0.7421875 -0.65625 0.375 0.04301688 -0.77430385 -0.6313503 0.659507 0.313152
0.6015625 -0.6640625 0.375 0.048137486 -0.8664747 -0.49689484 0.628251 0.311636
0.640625 -0.6484375 0.296875 0.054667678 -0.9840181 -0.16946979 0.635551 0.300507
-0.7421875 -0.65625 0.375 -0.04301688 -0.77430385 -0.6313503 0.340493 0.313152
-0.6015625 -0.6640625 0.375 -0.048137486 -0.8664747 -0.49689484 0.371749 0.311636
-0.6875 -0.7265625 0.4140625 -0.027885571 -0.50194025 -0.8644527 0.350893 0.322437
0.7265625 -0.6015625 0.203125 0.31142655 -0.93288 -0.18096565 0.655896 0.284413
0.640625 -0.6484375 0.296875 0.27114245 -0.9370638 -0.21998464 0.635551 0.300507
0.625 -0.6484375 0.1875 0.42598453 -0.9026815 -0.060854934 0.631484 0.283889
-0.7265625 -0.6015625 0.203125 -0.31142655 -0.93288 -0.18096565 0.344104 0.284413
-0.640625 -0.6484375 0.296875 -0.27114245 -0.9370638 -0.21998464 0.364449 0.300507
-0.7421875 -0.65625 0.375 -0.16867459 -0.93473834 -0.3127508 0.340493 0.313152
0.6171875 -0.625 0.0546875 0.36563465 -0.91267747 -0.18256865 0.636962 0.261221
0.625 -0.6484375 0.1875 0.4030557 -0.89689875 -0.18198542 0.631484 0.283889
0.4921875 -0.671875 0.0625 0.33516794 -0.924251 -0.18281887 0.611331 0.264411
-0.6171875 -0.625 0.0546875 -0.36563465 -0.91267747 -0.18256865 0.363038 0.261221
-0.625 -0.6484375 0.1875 -0.4030557 -0.89689875 -0.18198542 0.368516 0.283889
-0.7265625 -0.6015625 0.203125 -0.43496794 -0.8820183 -0.18123665 0.344104 0.284413
0.3984375 -0.671875 -0.046875 0.347512 -0.8891065 -0.29786745 0.60047 0.238288
0.4921875 -0.671875 0.0625 0.32939264 -0.9009921 -0.2823366 0.611331 0.264411
0.375 -0.703125 0.015625 0.3578878 -0.8819377 -0.30676097 0.592372 0.254897
-0.3984375 -0.671875 -0.046875 -0.347512 -0.8891065 -0.29786745 0.39953 0.238288
-0.4921875 -0.671875 0.0625 -0.32939264 -0.9009921 -0.2823366 0.388669 0.264411
-0.6171875 -0.625 0.0546875 -0.32227698 -0.90544486 -0.27623743 0.363038 0.261221
0.203125 -0.7421875 0.09375 0.38608244 -0.91927963 0.0765858 0.559669 0.267717
0.3984375 -0.671875 -0.046875 0.26590568 -0.9577527 -0.10956289 0.60047 0.238288
0.375 -0.703125 0.015625 0 -0.8944273 -0.44721365 0.592372 0.254897
-0.3984375 -0.671875 -0.046875 -0.26590568 -0.9577527 -0.10956289 0.39953 0.238288
-0.203125 -0.7421875 0.09375 -0.38608244 -0.91927963 0.0765858 0.440331 0.267717
-0.375 -0.703125 0.015625 0 -0.8944273 -0.44721365 0.407628 0.254897
0.203125 -0.7421875 0.09375 -0.09751135 -0.9909514 0.09223203 0.559669 0.267717
0 -0.7265625 0.046875 -0.13704069 -0.951103 0.27680868 0.5 0.252445
0.125 -0.8125 -0.1015625 -0.15982383 -0.9066929 0.390339 0.535885 0.215568
0 -0.7265625 0.046875 0.13704069 -0.951103 0.27680868 0.5 0.252445
-0.203125 -0.7421875 0.09375 0.09751135 -0.9909514 0.09223203 0.440331 0.267717
-0.125 -0.8125 -0.1015625 0.15982383 -0.9066929 0.390339 0.464115 0.215568
0.1015625 -0.84375 0.4296875 0.42795703 -0.8003087 -0.41995096 0.539817 0.354339
0.125 -0.765625 0.3046875 0.4154419 -0.80432856 -0.42481 0.544001 0.314523
0.1640625 -0.7734375 0.4140625 0.68188506 -0.67088693 -0.2914509 0.559135 0.334326
-0.1015625 -0.84375 0.4296875 -0.42795703 -0.8003087 -0.41995096 0.460183 0.354339
-0.125 -0.765625 0.3046875 -0.4154419 -0.80432856 -0.42481 0.455999 0.314523
0 -0.8203125 0.3515625 -0.18539649 -0.8485455 -0.4955791 0.5 0.340417
0.125 -0.765625 0.3046875 0.16482636 -0.961527 -0.21976851 0.544001 0.314523
0 -0.765625 0.2109375 0.18400554 -0.951814 -0.24534075 0.5 0.295691
0.1328125 -0.7578125 0.2109375 0.05854286 -0.9952286 -0.07805715 0.543637 0.293371
0 -0.765625 0.2109375 -0.18400554 -0.951814 -0.24534075 0.5 0.295691
-0.125 -0.765625 0.3046875 -0.16482636 -0.961527 -0.21976851 0.455999 0.314523
-0.1328125 -0.7578125 0.2109375 -0.05854286 -0.9952286 -0.07805715 0.456363 0.293371
0.1640625 -0.75 0.140625 0.022136077 -0.9856438 -0.1673811 0.550878 0.277832
0 -0.765625 0.2109375 0.010286908 -0.98095036 -0.19398618 0.5 0.295691
0 -0.7265625 0.046875 -0.0066175847 -0.972785 -0.23161545 0.5 0.252445
-0.1640625 -0.75 0.140625 -0.022136077 -0.9856438 -0.1673811 0.449122 0.277832
0 -0.765625 0.2109375 -0.010286908 -0.98095036 -0.19398618 0.5 0.295691
-0.1328125 -0.7578125 0.2109375 -0.058511917 -0.9947026 -0.08451721 0.456363 0.293371
0.0625 -0.6953125 -0.8828125 0.06396431 -0.71846217 -0.69261867 0.506819 0.075382
0 -0.640625 -0.9453125 0.05286138 -0.72473115 -0.6870011 0.5 0.064527
0.1640625 -0.6328125 -0.9296875 0.10082308 -0.6965958 -0.7103444 0.517028 0.06849
0 -0.640625 -0.9453125 -0.05286138 -0.72473115 -0.6870011 0.5 0.064527
-0.0625 -0.6953125 -0.8828125 -0.06396431 -0.71846217 -0.69261867 0.493181 0.075382
-0.1640625 -0.6328125 -0.9296875 -0.10082308 -0.6965958 -0.7103444 0.482972 0.06849
0.1171875 -0.7109375 -0.8359375 0.21184233 -0.80027115 -0.5609715 0.511782 0.080633
0.1640625 -0.6328125 -0.9296875 0.15903027 -0.79609734 -0.5838994 0.517028 0.06849
0.234375 -0.6328125 -0.9140625 0.13216373 -0.79298234 -0.59473675 0.522612 0.070678
-0.1640625 -0.6328125 -0.9296875 -0.15903027 -0.79609734 -0.5838994 0.482972 0.06849
-0.1171875 -0.7109375 -0.8359375 -0.21184233 -0.80027115 -0.5609715 0.488218 0.080633
-0.234375 -0.6328125 -0.9140625 -0.13216373 -0.79298234 -0.59473675 0.477388 0.070678
0.1171875 -0.7109375 -0.8359375 0.31508917 -0.9196976 -0.23425438 0.511782 0.080633
0.265625 -0.6640625 -0.8203125 0.31577024 -0.8936284 -0.3189317 0.526301 0.079422
0.109375 -0.734375 -0.71875 0.31280816 -0.9351661 -0.16617933 0.512172 0.093457
-0.1171875 -0.7109375 -0.8359375 -0.31508917 -0.9196976 -0.23425438 0.488218 0.080633
-0.265625 -0.6640625 -0.8203125 -0.31577024 -0.8936284 -0.3189317 0.473699 0.079422
-0.234375 -0.6328125 -0.9140625 -0.3142697 -0.8642416 -0.39283714 0.477388 0.070678
0.2109375 -0.7109375 -0.4453125 0.29695702 -0.9546241 -0.022568123 0.537536 0.127779
0.1171875 -0.734375 -0.6875 0.31505972 -0.94859254 -0.030159337 0.513874 0.097191
0.25 -0.6875 -0.703125 0.32883945 -0.9437008 -0.035966817 0.529228 0.091098
-0.1171875 -0.734375 -0.6875 -0.31505972 -0.94859254 -0.030159337 0.486126 0.097191
-0.2109375 -0.7109375 -0.4453125 -0.29695702 -0.9546241 -0.022568123 0.462464 0.127779
-0.25 -0.6875 -0.703125 -0.32883945 -0.9437008 -0.035966817 0.470772 0.091098
0.109375 -0.734375 -0.71875 0.3247816 -0.940238 -0.10232024 0.512172 0.093457
0.25 -0.6875 -0.703125 0.32685602 -0.93523955 -0.13598579 0.529228 0.091098
0.1171875 -0.734375 -0.6875 0.3232635 -0.9428519 -0.080815874 0.513874 0.097191
-0.25 -0.6875 -0.703125 -0.32685602 -0.93523955 -0.13598579 0.470772 0.091098
-0.109375 -0.734375 -0.71875 -0.3247816 -0.940238 -0.10232024 0.487828 0.093457
-0.1171875 -0.734375 -0.6875 -0.3232635 -0.9428519 -0.080815874 0.486126 0.097191
0 -0.7421875 -0.328125 -0.016394401 -0.9983171 0.055624876 0.5 0.157864
0.078125 -0.75 -0.4453125 -0.009127103 -0.9981291 0.06045722 0.514257 0.133422
0.0859375 -0.7421875 -0.2890625 -0.023219176 -0.99842453 0.051082186 0.520226 0.164615
0 -0.7421875 -0.328125 0.016394401 -0.9983171 0.055624876 0.5 0.157864
-0.078125 -0.75 -0.4453125 0.009127103 -0.9981291 0.06045722 0.485743 0.133422
0 -0.75 -0.4453125 0 -0.9977852 0.06651902 0.5 0.134352
0.078125 -0.75 -0.4453125 -0.0012052043 -0.99781114 -0.066119015 0.514257 0.133422
0 -0.734375 -0.6796875 -0.0034877881 -0.9978556 -0.065361105 0.5 0.100063
0.1171875 -0.734375 -0.6875 -0.0043385685 -0.9978708 -0.06507853 0.513874 0.097191
-0.078125 -0.75 -0.4453125 0.0012052043 -0.99781114 -0.066119015 0.485743 0.133422
0 -0.734375 -0.6796875 0.0034877881 -0.9978556 -0.065361105 0.5 0.100063
0 -0.75 -0.4453125 0 -0.9977852 -0.06651902 0.5 0.134352
0.109375 -0.734375 -0.71875 0 -1 0 0.512172 0.093457
0 -0.734375 -0.6796875 0 -1 0 0.5 0.100063
0 -0.734375 -0.765625 0 -1 0 0.5 0.091346
-0.109375 -0.734375 -0.71875 0 -1 0 0.487828 0.093457
0 -0.734375 -0.6796875 0 -1 0 0.5 0.100063
-0.1171875 -0.734375 -0.6875 0 -1 0 0.486126 0.097191
0.125 -0.75 -0.2265625 0.8077164 0.07032635 -0.5853619 0.530258 0.180239
0.09375 -0.78125 -0.2734375 0.82727766 0.015107813 -0.5615903 0.517666 0.172353
0.0859375 -0.7421875 -0.2890625 0.84465307 -0.044455424 -0.5334651 0.520226 0.164615
-0.09375 -0.78125 -0.2734375 -0.82727766 0.015107813 -0.5615903 0.482334 0.172353
-0.125 -0.75 -0.2265625 -0.8077164 0.07032635 -0.5853619 0.469742 0.180239
-0.0859375 -0.7421875 -0.2890625 -0.84465307 -0.044455424 -0.5334651 0.479774 0.164615
0.109375 -0.78125 -0.1328125 0.94053227 0.24272445 0.23766354 0.518957 0.194728
0.125 -0.75 -0.2265625 0.955618 0.1921517 0.22332025 0.530258 0.180239
0.1015625 -0.7421875 -0.1484375 0.9256246 0.28480756 0.24920662 0.523673 0.198817
-0.109375 -0.78125 -0.1328125 -0.94053227 0.24272445 0.23766354 0.481043 0.194728
-0.125 -0.75 -0.2265625 -0.955618 0.1921517 0.22332025 0.469742 0.180239
-0.1328125 -0.796875 -0.2265625 -0.9635179 0.16058631 0.21411507 0.478099 0.18156
0.0390625 -0.78125 -0.125 0.07758689 0.41873404 0.90478843 0.508211 0.197295
0.1015625 -0.7421875 -0.1484375 0.090664215 0.40170047 0.91127205 0.523673 0.198817
0 -0.7421875 -0.140625 0.06926431 0.42943868 0.9004359 0.5 0.203867
-0.0390625 -0.78125 -0.125 -0.07758689 0.41873404 0.90478843 0.491789 0.197295
-0.1015625 -0.7421875 -0.1484375 -0.090664215 0.40170047 0.91127205 0.476327 0.198817
-0.109375 -0.78125 -0.1328125 -0.101828985 0.38695014 0.9164609 0.481043 0.194728
0 -0.796875 -0.1875 -0.92670476 -0.24456105 0.28532124 0.5 0.192167
0 -0.7421875 -0.140625 -0.8703899 -0.3204258 0.37383014 0.5 0.203867
0 -0.75 -0.1953125 -1 0 0 0.5 0.197278
0 -0.796875 -0.1875 0.92670476 -0.24456105 0.28532124 0.5 0.192167
0 -0.7421875 -0.140625 0.8703899 -0.3204258 0.37383014 0.5 0.203867
-0.0390625 -0.78125 -0.125 0.6904563 -0.47076565 0.5492266 0.491789 0.197295
0.0859375 -0.7421875 -0.2890625 0.42684597 -0.24198298 -0.87134767 0.520226 0.164615
0 -0.78125 -0.3203125 0.41368678 -0.19947198 -0.8882986 0.5 0.16517
0 -0.7421875 -0.328125 0.40711 -0.1791284 -0.895642 0.5 0.157864
-0.0859375 -0.7421875 -0.2890625 -0.42684597 -0.24198298 -0.87134767 0.479774 0.164615
0 -0.78125 -0.3203125 -0.41368678 -0.19947198 -0.8882986 0.5 0.16517
-0.09375 -0.78125 -0.2734375 -0.4319342 -0.25916052 -0.8638684 0.482334 0.172353
0.09375 -0.78125 -0.2734375 0.2873479 -0.76626104 -0.5746958 0.517666 0.172353
0 -0.8046875 -0.2890625 0.2873479 -0.76626104 -0.5746958 0.5 0.171718
0 -0.78125 -0.3203125 0.28734788 -0.76626104 -0.57469577 0.5 0.16517
-0.09375 -0.78125 -0.2734375 -0.2873479 -0.76626104 -0.5746958 0.482334 0.172353
0 -0.8046875 -0.2890625 -0.2873479 -0.76626104 -0.5746958 0.5 0.171718
-0.078125 -0.8046875 -0.25 -0.2873479 -0.76626104 -0.5746958 0.486462 0.176949
0 -0.796875 -0.1875 -0.6623837 -0.39367992 0.63738847 0.5 0.192167
0.046875 -0.8125 -0.1484375 -0.6447376 -0.5094185 0.56991774 0.508818 0.192407
0.0390625 -0.78125 -0.125 -0.6326427 -0.55964553 0.5353131 0.508211 0.197295
-0.046875 -0.8125 -0.1484375 0.6447376 -0.5094185 0.56991774 0.491182 0.192407
0 -0.796875 -0.1875 0.6623837 -0.39367992 0.63738847 0.5 0.192167
-0.0390625 -0.78125 -0.125 0.6326427 -0.55964553 0.5353131 0.491789 0.197295
0.0390625 -0.78125 -0.125 0.112382255 -0.5973778 0.7940467 0.508211 0.197295
0.09375 -0.8125 -0.15625 0.10130736 -0.6092175 0.78650546 0.515232 0.190709
0.109375 -0.78125 -0.1328125 0.0862061 -0.6249942 0.77585495 0.518957 0.194728
-0.09375 -0.8125 -0.15625 -0.10130736 -0.6092175 0.78650546 0.484768 0.190709
-0.0390625 -0.78125 -0.125 -0.112382255 -0.5973778 0.7940467 0.491789 0.197295
-0.109375 -0.78125 -0.1328125 -0.0862061 -0.6249942 0.77585495 0.481043 0.194728
0.09375 -0.8125 -0.15625 0.7556579 -0.58764994 0.28922105 0.515232 0.190709
0.1328125 -0.796875 -0.2265625 0.76093245 -0.57828057 0.29423344 0.521901 0.18156
0.109375 -0.78125 -0.1328125 0.7532496 -0.591839 0.28695226 0.518957 0.194728
-0.09375 -0.8125 -0.15625 -0.7556579 -0.58764994 0.28922105 0.484768 0.190709
-0.1328125 -0.796875 -0.2265625 -0.76093245 -0.57828057 0.29423344 0.478099 0.18156
-0.109375 -0.828125 -0.2265625 -0.76388544 -0.57291406 0.29706654 0.483092 0.181873
0.1328125 -0.796875 -0.2265625 0.39836368 -0.5183058 -0.75674665 0.521901 0.18156
0.078125 -0.8046875 -0.25 0.37956896 -0.63308734 -0.6746317 0.513538 0.176949
0.09375 -0.78125 -0.2734375 0.34160456 -0.76861024 -0.5408739 0.517666 0.172353
-0.078125 -0.8046875 -0.25 -0.37956896 -0.63308734 -0.6746317 0.486462 0.176949
-0.1328125 -0.796875 -0.2265625 -0.39836368 -0.5183058 -0.75674665 0.478099 0.18156
-0.09375 -0.78125 -0.2734375 -0.34160456 -0.76861024 -0.5408739 0.482334 0.172353
0.109375 -0.828125 -0.2265625 0.045207344 -0.9720058 0.23056701 0.516908 0.181873
0.046875 -0.8125 -0.1484375 0.045695424 -0.9718955 0.23093545 0.508818 0.192407
0 -0.828125 -0.203125 0.050216682 -0.9708559 0.23434453 0.5 0.186182
-0.109375 -0.828125 -0.2265625 -0.045207344 -0.9720058 0.23056701 0.483092 0.181873
-0.046875 -0.8125 -0.1484375 -0.045695424 -0.9718955 0.23093545 0.491182 0.192407
-0.09375 -0.8125 -0.15625 -0.037450295 -0.9737077 0.22470176 0.484768 0.190709
0 -0.828125 -0.203125 0.055238474 -0.926845 -0.37135842 0.5 0.186182
0.078125 -0.8046875 -0.25 -0.035291664 -0.86910284 -0.4933709 0.513538 0.176949
0.109375 -0.828125 -0.2265625 -0.13043478 -0.7826087 -0.6086957 0.516908 0.181873
-0.078125 -0.8046875 -0.25 0.035291664 -0.86910284 -0.4933709 0.486462 0.176949
0 -0.828125 -0.203125 -0.055238474 -0.926845 -0.37135842 0.5 0.186182
-0.109375 -0.828125 -0.2265625 0.13043478 -0.7826087 -0.6086957 0.483092 0.181873
0 -0.7421875 -0.140625 -0.41917604 -0.8765708 -0.23646414 0.5 0.203867
0.125 -0.8125 -0.1015625 -0.37630832 -0.8601976 -0.3441691 0.535885 0.215568
0 -0.7265625 0.046875 -0.50591326 -0.85960484 0.071633734 0.5 0.252445
-0.125 -0.8125 -0.1015625 0.37630832 -0.8601976 -0.3441691 0.464115 0.215568
0 -0.7421875 -0.140625 0.41917604 -0.8765708 -0.23646414 0.5 0.203867
0 -0.7265625 0.046875 0.50591326 -0.85960484 0.071633734 0.5 0.252445
0.1015625 -0.7421875 -0.1484375 -0.42437336 -0.73554176 -0.5280962 0.523673 0.198817
0.1640625 -0.7109375 -0.2421875 0.35075593 -0.9332749 -0.07725433 0.544209 0.172814
0.125 -0.8125 -0.1015625 -0.5773503 -0.5773503 -0.5773503 0.535885 0.215568
-0.1640625 -0.7109375 -0.2421875 -0.35075593 -0.9332749 -0.07725433 0.455791 0.172814
-0.1015625 -0.7421875 -0.1484375 0.42437336 -0.73554176 -0.5280962 0.476327 0.198817
-0.125 -0.8125 -0.1015625 0.5773503 -0.5773503 -0.5773503 0.464115 0.215568
0.0859375 -0.7421875 -0.2890625 0.450782 -0.8769341 -0.16668056 0.520226 0.164615
0.1640625 -0.7109375 -0.2421875 0.43837312 -0.8880435 -0.13859284 0.544209 0.172814
0.125 -0.75 -0.2265625 0.54598606 -0.7184027 -0.4310416 0.530258 0.180239
-0.0859375 -0.7421875 -0.2890625 -0.450782 -0.8769341 -0.16668056 0.479774 0.164615
-0.1640625 -0.7109375 -0.2421875 -0.43837312 -0.8880435 -0.13859284 0.455791 0.172814
-0.1796875 -0.7109375 -0.3125 -0.33191356 -0.9404218 0.07375857 0.458673 0.154899
0.078125 -0.75 -0.4453125 0.29878142 -0.9529153 0.05178929 0.514257 0.133422
0.1796875 -0.7109375 -0.3125 0.30460778 -0.9513242 0.04686586 0.541327 0.154899
0.0859375 -0.7421875 -0.2890625 0.3230722 -0.945862 0.03113949 0.520226 0.164615
-0.078125 -0.75 -0.4453125 -0.29878142 -0.9529153 0.05178929 0.485743 0.133422
-0.1796875 -0.7109375 -0.3125 -0.30460778 -0.9513242 0.04686586 0.458673 0.154899
-0.2109375 -0.7109375 -0.4453125 -0.28154647 -0.9572581 0.066246234 0.462464 0.127779
0.2578125 -0.5546875 -0.3125 0.8010504 -0.5086129 0.3156444 0.578661 0.139176
0.2109375 -0.7109375 -0.4453125 0.8232445 -0.49025524 0.286214 0.537536 0.127779
0.3125 -0.5703125 -0.4375 0.7356951 -0.5530575 0.39099878 0.565647 0.115495
-0.2578125 -0.5546875 -0.3125 -0.8010504 -0.5086129 0.3156444 0.421339 0.139176
-0.2109375 -0.7109375 -0.4453125 -0.8232445 -0.49025524 0.286214 0.462464 0.127779
-0.1796875 -0.7109375 -0.3125 -0.8752544 -0.4376272 0.20594223 0.458673 0.154899
0.234375 -0.5546875 -0.25 0.86096793 -0.4175412 0.29050604 0.583245 0.154155
0.1796875 -0.7109375 -0.3125 0.887401 -0.40132654 0.22684047 0.541327 0.154899
0.2578125 -0.5546875 -0.3125 0.8479983 -0.42399916 0.3179994 0.578661 0.139176
-0.234375 -0.5546875 -0.25 -0.86096793 -0.4175412 0.29050604 0.416755 0.154155
-0.1796875 -0.7109375 -0.3125 -0.887401 -0.40132654 0.22684047 0.458673 0.154899
-0.1640625 -0.7109375 -0.2421875 -0.89730096 -0.39381543 0.19940022 0.455791 0.172814
0.203125 -0.5625 -0.1875 0.8952042 -0.34120226 0.28668895 0.586916 0.172042
0.1640625 -0.7109375 -0.2421875 0.9472533 -0.29522458 0.12471446 0.544209 0.172814
0.234375 -0.5546875 -0.25 0.85054713 -0.363756 0.37980407 0.583245 0.154155
-0.1640625 -0.7109375 -0.2421875 -0.9472533 -0.29522458 0.12471446 0.455791 0.172814
-0.203125 -0.5625 -0.1875 -0.8952042 -0.34120226 0.28668895 0.413084 0.172042
-0.234375 -0.5546875 -0.25 -0.85054713 -0.363756 0.37980407 0.416755 0.154155
0 -0.734375 -0.765625 0.24975412 -0.48799506 -0.83635145 0.5 0.091346
0.09375 -0.7265625 -0.7421875 0.1861298 -0.8712986 -0.45408633 0.509911 0.090724
0.109375 -0.734375 -0.71875 0.1783315 -0.8916575 -0.41610682 0.512172 0.093457
0 -0.734375 -0.765625 -0.24975412 -0.48799506 -0.83635145 0.5 0.091346
-0.09375 -0.7265625 -0.7421875 -0.1861298 -0.8712986 -0.45408633 0.490089 0.090724
0 -0.71875 -0.7734375 -0.25242645 -0.43273106 -0.8654621 0.5 0.089977
0.1171875 -0.7109375 -0.8359375 -0.13842092 -0.9707064 -0.19638962 0.511782 0.080633
0.09375 -0.7265625 -0.7421875 -0.1708079 -0.96408516 -0.20338285 0.509911 0.090724
0.09375 -0.7109375 -0.8203125 -0.12964074 -0.9723056 -0.1944611 0.509713 0.082236
-0.09375 -0.7265625 -0.7421875 0.1708079 -0.96408516 -0.20338285 0.490089 0.090724
-0.1171875 -0.7109375 -0.8359375 0.13842092 -0.9707064 -0.19638962 0.488218 0.080633
-0.09375 -0.7109375 -0.8203125 0.12964074 -0.9723056 -0.1944611 0.490287 0.082236
0.0625 -0.6953125 -0.8828125 -0.37930626 -0.9243431 -0.041432645 0.506819 0.075382
0.09375 -0.7109375 -0.8203125 -0.18450275 -0.97123194 -0.15055661 0.509713 0.082236
0.046875 -0.6875 -0.8671875 -0.44721362 -0.89442724 0 0.505196 0.077083
-0.09375 -0.7109375 -0.8203125 0.18450275 -0.97123194 -0.15055661 0.490287 0.082236
-0.0625 -0.6953125 -0.8828125 0.37930626 -0.9243431 -0.041432645 0.493181 0.075382
-0.046875 -0.6875 -0.8671875 0.44721362 -0.89442724 0 0.494804 0.077083
0 -0.6875 -0.890625 -0.038791575 -0.996231 0.07758315 0.5 0.073497
0.046875 -0.6875 -0.8671875 -0.13573085 -0.95283043 0.2714617 0.505196 0.077083
0 -0.6875 -0.875 0 -1 0 0.5 0.075473
-0.046875 -0.6875 -0.8671875 0.13573085 -0.95283043 0.2714617 0.494804 0.077083
0 -0.6875 -0.890625 0.038791575 -0.996231 0.07758315 0.5 0.073497
0 -0.6875 -0.875 0 -1 0 0.5 0.075473
0.046875 -0.6875 -0.8671875 -0.15823504 -0.27126008 0.94941026 0.505196 0.077083
0 -0.6328125 -0.859375 -0.15823504 -0.27126008 0.94941026 0.5 0.08032
0 -0.6875 -0.875 -0.15823504 -0.27126008 0.94941026 0.5 0.075473
-0.046875 -0.6875 -0.8671875 0.15823504 -0.27126008 0.94941026 0.494804 0.077083
0 -0.6328125 -0.859375 0.15823504 -0.27126008 0.94941026 0.5 0.08032
-0.046875 -0.6328125 -0.8515625 0.15823504 -0.27126008 0.94941026 0.496555 0.08084
0.046875 -0.6875 -0.8671875 -0.69012094 -0.13856742 0.71030426 0.505196 0.077083
0.09375 -0.640625 -0.8125 -0.6918219 -0.13560267 0.709221 0.50666 0.083289
0.046875 -0.6328125 -0.8515625 -0.6463437 -0.20962498 0.73368746 0.503445 0.08084
-0.09375 -0.640625 -0.8125 0.6918219 -0.13560267 0.709221 0.49334 0.083289
-0.046875 -0.6875 -0.8671875 0.69012094 -0.13856742 0.71030426 0.494804 0.077083
-0.046875 -0.6328125 -0.8515625 0.6463437 -0.20962498 0.73368746 0.496555 0.08084
0.09375 -0.7109375 -0.8203125 -1 0 0 0.509713 0.082236
0.09375 -0.6640625 -0.75 -1 0 0 0.506822 0.086791
0.09375 -0.640625 -0.8125 -1 0 0 0.50666 0.083289
-0.09375 -0.6640625 -0.75 1 0 0 0.493178 0.086791
-0.09375 -0.7109375 -0.8203125 1 0 0 0.490287 0.082236
-0.09375 -0.640625 -0.8125 1 0 0 0.49334 0.083289
0 -0.71875 -0.7734375 0.3051412 -0.11811917 -0.9449534 0.5 0.089977
0.09375 -0.6640625 -0.75 0.3051412 -0.11811917 -0.9449534 0.506822 0.086791
0.09375 -0.7265625 -0.7421875 0.30514118 -0.11811917 -0.9449534 0.509911 0.090724
0 -0.71875 -0.7734375 -0.3051412 -0.11811917 -0.9449534 0.5 0.089977
-0.09375 -0.6640625 -0.75 -0.3051412 -0.11811917 -0.9449534 0.493178 0.086791
0 -0.65625 -0.78125 -0.30514118 -0.11811917 -0.9449534 0.5 0.085637
0 -0.65625 -0.78125 0.02943048 -0.95399404 -0.2983777 0.5 0.085637
0.046875 -0.6328125 -0.8515625 0.035875745 -0.95500344 -0.2944173 0.503445 0.08084
0.09375 -0.6640625 -0.75 0.021652328 -0.95270234 -0.30313256 0.506822 0.086791
-0.046875 -0.6328125 -0.8515625 -0.035875745 -0.95500344 -0.2944173 0.496555 0.08084
0 -0.65625 -0.78125 -0.02943048 -0.95399404 -0.2983777 0.5 0.085637
-0.09375 -0.6640625 -0.75 -0.021652328 -0.95270234 -0.30313256 0.493178 0.086791
0.09375 -0.6640625 -0.75 0.13529254 -0.9277203 -0.34789512 0.506822 0.086791
0.046875 -0.6328125 -0.8515625 0.13529256 -0.92772037 -0.34789515 0.503445 0.08084
0.09375 -0.640625 -0.8125 0.13529254 -0.92772037 -0.34789512 0.50666 0.083289
-0.09375 -0.640625 -0.8125 -0.13529254 -0.92772037 -0.34789512 0.49334 0.083289
-0.046875 -0.6328125 -0.8515625 -0.13529256 -0.92772037 -0.34789515 0.496555 0.08084
-0.09375 -0.6640625 -0.75 -0.13529254 -0.9277203 -0.34789512 0.493178 0.086791
0.1328125 -0.7578125 0.2109375 -0.4960357 -0.8286914 -0.2592667 0.543637 0.293371
0.1875 -0.7734375 0.15625 -0.5239485 -0.79876256 -0.2957306 0.562361 0.284338
0.171875 -0.78125 0.21875 -0.46812215 -0.85483176 -0.2238845 0.55919 0.294882
-0.1875 -0.7734375 0.15625 0.5239485 -0.79876256 -0.2957306 0.437639 0.284338
-0.1328125 -0.7578125 0.2109375 0.4960357 -0.8286914 -0.2592667 0.456363 0.293371
-0.171875 -0.78125 0.21875 0.46812215 -0.85483176 -0.2238845 0.44081 0.294882
0.125 -0.765625 0.3046875 -0.35118443 -0.93606263 -0.021361964 0.544001 0.314523
0.171875 -0.78125 0.21875 -0.42364764 -0.9033583 -0.066833586 0.55919 0.294882
0.1796875 -0.78125 0.296875 -0.27103853 -0.9621868 0.027103854 0.56318 0.307151
-0.171875 -0.78125 0.21875 0.42364764 -0.9033583 -0.066833586 0.44081 0.294882
-0.125 -0.765625 0.3046875 0.35118443 -0.93606263 -0.021361964 0.455999 0.314523
-0.1796875 -0.78125 0.296875 0.27103853 -0.9621868 0.027103854 0.43682 0.307151
0.125 -0.765625 0.3046875 -0.22505046 -0.97256297 0.05893657 0.544001 0.314523
0.2109375 -0.78125 0.375 -0.19640099 -0.98027223 0.022207359 0.570458 0.318697
0.1640625 -0.7734375 0.4140625 -0.17171557 -0.98510516 -0.009037661 0.559135 0.334326
-0.125 -0.765625 0.3046875 0.22505046 -0.97256297 0.05893657 0.455999 0.314523
-0.2109375 -0.78125 0.375 0.19640099 -0.98027223 0.022207359 0.429542 0.318697
-0.1796875 -0.78125 0.296875 0.25949964 -0.9601487 0.10379986 0.43682 0.307151
0.203125 -0.7421875 0.09375 -0.59261084 -0.65137416 -0.47383976 0.559669 0.267717
0.1875 -0.7734375 0.15625 -0.5358358 -0.6939585 -0.4809382 0.562361 0.284338
0.1640625 -0.75 0.140625 -0.4332243 -0.7581426 -0.48737735 0.550878 0.277832
-0.203125 -0.7421875 0.09375 0.59261084 -0.65137416 -0.47383976 0.440331 0.267717
-0.1875 -0.7734375 0.15625 0.5358358 -0.6939585 -0.4809382 0.437639 0.284338
-0.2265625 -0.78125 0.109375 0.6684096 -0.5848584 -0.4595316 0.430757 0.278245
0.203125 -0.7421875 0.09375 -0.15234233 -0.52416044 -0.83788294 0.559669 0.267717
0.375 -0.7421875 0.0625 -0.12296263 -0.7262961 -0.67629445 0.589914 0.271772
0.2265625 -0.78125 0.109375 -0.1599437 -0.4478424 -0.8796904 0.569243 0.278245
-0.375 -0.7421875 0.0625 0.12296263 -0.7262961 -0.67629445 0.410086 0.271772
-0.203125 -0.7421875 0.09375 0.15234233 -0.52416044 -0.83788294 0.440331 0.267717
-0.2265625 -0.78125 0.109375 0.1599437 -0.4478424 -0.8796904 0.430757 0.278245
0.375 -0.703125 0.015625 0.40153563 -0.69167084 -0.60030043 0.592372 0.254897
0.4765625 -0.71875 0.1015625 0.41514957 -0.6723362 -0.61287427 0.60219 0.27718
0.375 -0.7421875 0.0625 0.38997555 -0.7073975 -0.5894979 0.589914 0.271772
-0.4765625 -0.71875 0.1015625 -0.41514957 -0.6723362 -0.61287427 0.39781 0.27718
-0.375 -0.703125 0.015625 -0.40153563 -0.69167084 -0.60030043 0.407628 0.254897
-0.375 -0.7421875 0.0625 -0.38997555 -0.7073975 -0.5894979 0.410086 0.271772
0.4921875 -0.671875 0.0625 0.621852 -0.6475269 -0.44046462 0.611331 0.264411
0.578125 -0.6796875 0.1953125 0.51158625 -0.7723713 -0.37646002 0.61711 0.287175
0.4765625 -0.71875 0.1015625 0.6546587 -0.6006662 -0.458936 0.60219 0.27718
-0.578125 -0.6796875 0.1953125 -0.51158625 -0.7723713 -0.37646002 0.38289 0.287175
-0.4921875 -0.671875 0.0625 -0.621852 -0.6475269 -0.44046462 0.388669 0.264411
-0.4765625 -0.71875 0.1015625 -0.6546587 -0.6006662 -0.458936 0.39781 0.27718
0.625 -0.6484375 0.1875 0.5573228 -0.82393926 -0.10254478 0.631484 0.283889
0.5859375 -0.6875 0.2890625 0.57259154 -0.81454235 -0.093057975 0.618074 0.299197
0.578125 -0.6796875 0.1953125 0.5377842 -0.8352819 -0.11442218 0.61711 0.287175
-0.5859375 -0.6875 0.2890625 -0.57259154 -0.81454235 -0.093057975 0.381926 0.299197
-0.625 -0.6484375 0.1875 -0.5573228 -0.82393926 -0.10254478 0.368516 0.283889
-0.578125 -0.6796875 0.1953125 -0.5377842 -0.8352819 -0.11442218 0.38289 0.287175
0.6015625 -0.6640625 0.375 0.5717496 -0.81197166 0.11749234 0.628251 0.311636
0.5859375 -0.6875 0.2890625 0.56990635 -0.81317055 0.11815443 0.618074 0.299197
0.640625 -0.6484375 0.296875 0.5656854 -0.81589246 0.11966422 0.635551 0.300507
-0.6015625 -0.6640625 0.375 -0.5717496 -0.81197166 0.11749234 0.371749 0.311636
-0.5859375 -0.6875 0.2890625 -0.56990635 -0.81317055 0.11815443 0.381926 0.299197
-0.5625 -0.6953125 0.3515625 -0.5773503 -0.8082905 0.11547007 0.384129 0.307438
0.4296875 -0.71875 0.4375 0.50917923 -0.5908996 0.6257589 0.606163 0.325516
0.5625 -0.6953125 0.3515625 0.43195957 -0.7785695 0.45523673 0.615871 0.307438
0.6015625 -0.6640625 0.375 0.40824834 -0.8164967 0.40824834 0.628251 0.311636
-0.4296875 -0.71875 0.4375 -0.50917923 -0.5908996 0.6257589 0.393837 0.325516
-0.5625 -0.6953125 0.3515625 -0.43195957 -0.7785695 0.45523673 0.384129 0.307438
-0.421875 -0.7734375 0.3984375 -0.5213825 -0.5440513 0.6573953 0.401576 0.313725
0.4296875 -0.71875 0.4375 0.23374283 -0.69663817 0.6782769 0.606163 0.325516
0.3359375 -0.7578125 0.4296875 0.29617193 -0.8115454 0.5036631 0.590828 0.319797
0.421875 -0.7734375 0.3984375 0.17958742 -0.58864766 0.78818923 0.598424 0.313725
-0.3359375 -0.7578125 0.4296875 -0.29617193 -0.8115454 0.5036631 0.409172 0.319797
-0.4296875 -0.71875 0.4375 -0.23374283 -0.69663817 0.6782769 0.393837 0.325516
-0.421875 -0.7734375 0.3984375 -0.17958742 -0.58864766 0.78818923 0.401576 0.313725
0.328125 -0.7421875 0.4765625 0.16959313 -0.9191166 0.35561633 0.59209 0.332885
0.2734375 -0.7734375 0.421875 0.16045018 -0.91753256 0.3638542 0.58213 0.320991
0.3359375 -0.7578125 0.4296875 0.18814418 -0.9219065 0.3386595 0.590828 0.319797
-0.2734375 -0.7734375 0.421875 -0.16045018 -0.91753256 0.3638542 0.41787 0.320991
-0.328125 -0.7421875 0.4765625 -0.16959313 -0.9191166 0.35561633 0.40791 0.332885
-0.3359375 -0.7578125 0.4296875 -0.18814418 -0.9219065 0.3386595 0.409172 0.319797
0.25 -0.7578125 0.46875 -0.037861742 -0.9656213 0.25718102 0.579057 0.335646
0.2109375 -0.78125 0.375 -0.00523657 -0.96961373 0.24458532 0.570458 0.318697
0.2734375 -0.7734375 0.421875 -0.08702967 -0.9573264 0.27559397 0.58213 0.320991
-0.2109375 -0.78125 0.375 0.00523657 -0.96961373 0.24458532 0.429542 0.318697
-0.25 -0.7578125 0.46875 0.037861742 -0.9656213 0.25718102 0.420943 0.335646
-0.2734375 -0.7734375 0.421875 0.08702967 -0.9573264 0.27559397 0.41787 0.320991
0.2734375 -0.7734375 0.421875 0.21907961 -0.9055438 -0.3633107 0.58213 0.320991
0.234375 -0.7578125 0.359375 0.3857057 -0.8091201 -0.4433461 0.578615 0.309394
0.28125 -0.765625 0.3984375 0.08290268 -0.95338076 -0.29015934 0.583998 0.312892
-0.234375 -0.7578125 0.359375 -0.3857057 -0.8091201 -0.4433461 0.421385 0.309394
-0.2734375 -0.7734375 0.421875 -0.21907961 -0.9055438 -0.3633107 0.41787 0.320991
-0.28125 -0.765625 0.3984375 -0.08290268 -0.95338076 -0.29015934 0.416002 0.312892
0.3359375 -0.7578125 0.4296875 0.29148516 -0.91420305 -0.28154826 0.590828 0.319797
0.28125 -0.765625 0.3984375 0.2714124 -0.9315186 -0.24209203 0.583998 0.312892
0.3359375 -0.75 0.40625 0.30151135 -0.904534 -0.30151135 0.589656 0.312336
-0.28125 -0.765625 0.3984375 -0.2714124 -0.9315186 -0.24209203 0.416002 0.312892
-0.3359375 -0.7578125 0.4296875 -0.29148516 -0.91420305 -0.28154826 0.409172 0.319797
-0.3359375 -0.75 0.40625 -0.30151135 -0.904534 -0.30151135 0.410344 0.312336
0.3359375 -0.7578125 0.4296875 -0.13448165 -0.8849007 -0.44594344 0.590828 0.319797
0.4140625 -0.75 0.390625 -0.3451013 -0.5049086 -0.7911843 0.596347 0.309249
0.421875 -0.7734375 0.3984375 -0.37659454 -0.40349415 -0.83388793 0.598424 0.313725
-0.3359375 -0.7578125 0.4296875 0.13448165 -0.8849007 -0.44594344 0.409172 0.319797
-0.4140625 -0.75 0.390625 0.3451013 -0.5049086 -0.7911843 0.403653 0.309249
-0.3359375 -0.75 0.40625 0.06311944 -0.94679165 -0.3155972 0.410344 0.312336
0.421875 -0.7734375 0.3984375 -0.15483914 -0.4165685 -0.89582115 0.598424 0.313725
0.53125 -0.6796875 0.3359375 0.059011515 -0.60048425 -0.79745615 0.606014 0.302517
0.5625 -0.6953125 0.3515625 0.0823387 -0.61754024 -0.7822176 0.615871 0.307438
-0.421875 -0.7734375 0.3984375 0.15483914 -0.4165685 -0.89582115 0.401576 0.313725
-0.53125 -0.6796875 0.3359375 -0.059011515 -0.60048425 -0.79745615 0.393986 0.302517
-0.4140625 -0.75 0.390625 0.20157395 -0.3695522 -0.90708274 0.403653 0.309249
0.5859375 -0.6875 0.2890625 -0.35815924 -0.8941203 -0.26883242 0.618074 0.299197
0.53125 -0.6796875 0.3359375 -0.34652397 -0.90306324 -0.25376743 0.606014 0.302517
0.5546875 -0.671875 0.28125 -0.3706729 -0.8839123 -0.285133 0.607735 0.29752
-0.53125 -0.6796875 0.3359375 0.34652397 -0.90306324 -0.25376743 0.393986 0.302517
-0.5859375 -0.6875 0.2890625 0.35815924 -0.8941203 -0.26883242 0.381926 0.299197
-0.5546875 -0.671875 0.28125 0.3706729 -0.8839123 -0.285133 0.392265 0.29752
0.5859375 -0.6875 0.2890625 -0.4005783 -0.91610354 0.01706842 0.618074 0.299197
0.546875 -0.671875 0.2109375 -0.3087978 -0.95045775 -0.035692655 0.606985 0.291216
0.578125 -0.6796875 0.1953125 -0.26918104 -0.9613608 -0.05768165 0.61711 0.287175
-0.5859375 -0.6875 0.2890625 0.4005783 -0.91610354 0.01706842 0.381926 0.299197
-0.546875 -0.671875 0.2109375 0.3087978 -0.95045775 -0.035692655 0.393015 0.291216
-0.5546875 -0.671875 0.28125 0.45675865 -0.8881418 0.05075096 0.392265 0.29752
0.4765625 -0.71875 0.1015625 -0.2371328 -0.8283975 0.50747 0.60219 0.27718
0.546875 -0.671875 0.2109375 -0.052563354 -0.9051958 0.42173177 0.606985 0.291216
0.4609375 -0.703125 0.1171875 -0.27971345 -0.80417615 0.5244627 0.598275 0.283083
-0.546875 -0.671875 0.2109375 0.052563354 -0.9051958 0.42173177 0.393015 0.291216
-0.4765625 -0.71875 0.1015625 0.2371328 -0.8283975 0.50747 0.39781 0.27718
-0.4609375 -0.703125 0.1171875 0.27971345 -0.80417615 0.5244627 0.401725 0.283083
0.4765625 -0.71875 0.1015625 -0.043735787 -0.75043225 0.65949875 0.60219 0.27718
0.375 -0.7265625 0.0859375 -0.024932 -0.819877 0.57199657 0.589866 0.280167
0.375 -0.7421875 0.0625 -0.02132977 -0.831861 0.554574 0.589914 0.271772
-0.4765625 -0.71875 0.1015625 0.043735787 -0.75043225 0.65949875 0.39781 0.27718
-0.375 -0.7265625 0.0859375 0.024932 -0.819877 0.57199657 0.410134 0.280167
-0.4609375 -0.703125 0.1171875 0.04867924 -0.7301886 0.6815093 0.401725 0.283083
0.375 -0.7421875 0.0625 0.34357148 -0.7700442 0.53757834 0.589914 0.271772
0.2421875 -0.7578125 0.125 0.3745217 -0.6853524 0.6245204 0.576352 0.284624
0.2265625 -0.78125 0.109375 0.37779242 -0.67462933 0.6341515 0.569243 0.278245
-0.375 -0.7421875 0.0625 -0.34357148 -0.7700442 0.53757834 0.410086 0.271772
-0.2421875 -0.7578125 0.125 -0.3745217 -0.6853524 0.6245204 0.423648 0.284624
-0.375 -0.7265625 0.0859375 -0.33782253 -0.783134 0.5220893 0.410134 0.280167
0.1875 -0.7734375 0.15625 0.49878374 -0.6858277 0.5299578 0.562361 0.284338
0.2421875 -0.7578125 0.125 0.49878374 -0.6858277 0.5299578 0.576352 0.284624
0.203125 -0.75 0.171875 0.4987838 -0.6858277 0.5299578 0.572831 0.289915
-0.2421875 -0.7578125 0.125 -0.49878374 -0.6858277 0.5299578 0.423648 0.284624
-0.1875 -0.7734375 0.15625 -0.49878374 -0.6858277 0.5299578 0.437639 0.284338
-0.203125 -0.75 0.171875 -0.4987838 -0.6858277 0.5299578 0.427169 0.289915
0.2109375 -0.78125 0.375 0.60758954 -0.71909636 -0.3372468 0.570458 0.318697
0.1953125 -0.7578125 0.296875 0.73815477 -0.59119356 -0.32498902 0.573307 0.303342
0.234375 -0.7578125 0.359375 0.5425201 -0.7685701 -0.33907506 0.578615 0.309394
-0.1953125 -0.7578125 0.296875 -0.73815477 -0.59119356 -0.32498902 0.426693 0.303342
-0.2109375 -0.78125 0.375 -0.60758954 -0.71909636 -0.3372468 0.429542 0.318697
-0.234375 -0.7578125 0.359375 -0.5425201 -0.7685701 -0.33907506 0.421385 0.309394
0.1796875 -0.78125 0.296875 0.8232306 -0.5636706 -0.06758013 0.56318 0.307151
0.1953125 -0.75 0.2265625 0.81221366 -0.5783173 -0.07653795 0.572447 0.295716
0.1953125 -0.7578125 0.296875 0.83047444 -0.5536496 -0.061516624 0.573307 0.303342
-0.1953125 -0.75 0.2265625 -0.81221366 -0.5783173 -0.07653795 0.427553 0.295716
-0.1796875 -0.78125 0.296875 -0.8232306 -0.5636706 -0.06758013 0.43682 0.307151
-0.1953125 -0.7578125 0.296875 -0.83047444 -0.5536496 -0.061516624 0.426693 0.303342
0.171875 -0.78125 0.21875 0.7832022 -0.61108786 0.11474292 0.55919 0.294882
0.203125 -0.75 0.171875 0.785024 -0.6081375 0.11792437 0.572831 0.289915
0.1953125 -0.75 0.2265625 0.7814038 -0.61396015 0.111629106 0.572447 0.295716
-0.203125 -0.75 0.171875 -0.785024 -0.6081375 0.11792437 0.427169 0.289915
-0.171875 -0.78125 0.21875 -0.7832022 -0.61108786 0.11474292 0.44081 0.294882
-0.1953125 -0.75 0.2265625 -0.7814038 -0.61396015 0.111629106 0.427553 0.295716
0 -0.7421875 0.4296875 -0.55929965 0.27673876 0.78140885 0.5 0.38286
0.109375 -0.609375 0.4609375 -0.5145629 0.2293556 0.82620883 0.529647 0.428636
0 -0.6015625 0.40625 -0.43379563 0.14812534 0.88875204 0.5 0.428636
-0.109375 -0.609375 0.4609375 0.5145629 0.2293556 0.82620883 0.470353 0.428636
0 -0.7421875 0.4296875 0.55929965 0.27673876 0.78140885 0.5 0.38286
0 -0.6015625 0.40625 0.43379563 0.14812534 0.88875204 0.5 0.428636
0.0625 -0.75 0.4921875 -0.8512347 0.37129825 0.37085998 0.532016 0.387365
0.1953125 -0.6171875 0.6640625 -0.8509973 0.37439063 0.368287 0.584616 0.428636
0.109375 -0.609375 0.4609375 -0.8515382 0.36704233 0.37438318 0.529647 0.428636
-0.1953125 -0.6171875 0.6640625 0.8509973 0.37439063 0.368287 0.415384 0.428636
-0.0625 -0.75 0.4921875 0.8512347 0.37129825 0.37085998 0.467984 0.387365
-0.109375 -0.609375 0.4609375 0.8515382 0.36704233 0.37438318 0.470353 0.428636
0.3203125 -0.734375 0.7578125 -0.2439005 0.43375373 0.8673929 0.602261 0.395588
0.1953125 -0.6171875 0.6640625 -0.24396572 0.43369356 0.8674045 0.584616 0.428636
0.15625 -0.7578125 0.71875 -0.26635176 0.4127252 0.87104225 0.581044 0.398468
-0.3203125 -0.734375 0.7578125 0.2439005 0.43375373 0.8673929 0.397739 0.395588
-0.1953125 -0.6171875 0.6640625 0.24396572 0.43369356 0.8674045 0.415384 0.428636
-0.3359375 -0.59375 0.6875 0.21971563 0.45570648 0.8625872 0.377699 0.417889
0.4921875 -0.6875 0.6015625 0.5920586 0.30177554 0.74726045 0.636775 0.370732
0.3359375 -0.59375 0.6875 0.59261894 0.30391115 0.74594957 0.622301 0.417889
0.3203125 -0.734375 0.7578125 0.5932461 0.3063166 0.7444657 0.602261 0.395588
-0.4921875 -0.6875 0.6015625 -0.5920586 0.30177554 0.74726045 0.363225 0.370732
-0.3359375 -0.59375 0.6875 -0.59261894 0.30391115 0.74594957 0.377699 0.417889
-0.484375 -0.5546875 0.5546875 -0.591352 0.29910082 0.7488936 0.333786 0.388954
0.7109375 -0.625 0.484375 0.36739072 0.30527556 0.8785391 0.671357 0.334694
0.484375 -0.5546875 0.5546875 0.36961475 0.31785104 0.87312984 0.666214 0.388954
0.4921875 -0.6875 0.6015625 0.3714273 0.32836327 0.86845803 0.636775 0.370732
-0.7109375 -0.625 0.484375 -0.36739072 0.30527556 0.8785391 0.328643 0.334694
-0.484375 -0.5546875 0.5546875 -0.36961475 0.31785104 0.87312984 0.333786 0.388954
-0.6796875 -0.4921875 0.453125 -0.36530763 0.29379237 0.88330996 0.298519 0.344467
0.7109375 -0.625 0.484375 0.28252196 0.28776506 0.9150808 0.671357 0.334694
0.796875 -0.4609375 0.40625 0.28245223 0.28780568 0.9150894 0.712163 0.315527
0.6796875 -0.4921875 0.453125 0.29008237 0.28333625 0.9140967 0.701481 0.344467
-0.796875 -0.4609375 0.40625 -0.28245223 0.28780568 0.9150894 0.287837 0.315527
-0.7109375 -0.625 0.484375 -0.28252196 0.28776506 0.9150808 0.328643 0.334694
-0.6796875 -0.4921875 0.453125 -0.29008237 0.28333625 0.9140967 0.298519 0.344467
0.828125 -0.4453125 0.1484375 0.82227564 0.5532811 0.13320197 0.689501 0.268805
0.796875 -0.4609375 0.40625 0.87384176 0.46731114 0.1342421 0.712163 0.315527
0.859375 -0.59375 0.4296875 0.88728255 0.4412432 0.13429141 0.684517 0.317795
-0.828125 -0.4453125 0.1484375 -0.82227564 0.5532811 0.13320197 0.310499 0.268805
-0.796875 -0.4609375 0.40625 -0.87384176 0.46731114 0.1342421 0.287837 0.315527
-0.7734375 -0.375 0.1640625 -0.79644686 0.5900586 0.13230015 0.295695 0.260225
0.828125 -0.4453125 0.1484375 0.5235181 0.49225956 -0.6954203 0.689501 0.268805
0.6015625 -0.4140625 0 0.53947884 0.405139 -0.73812264 0.672947 0.22488
0.7734375 -0.375 0.1640625 0.51078063 0.5450229 -0.66487086 0.704305 0.260225
-0.6015625 -0.4140625 0 -0.53947884 0.405139 -0.73812264 0.327053 0.22488
-0.828125 -0.4453125 0.1484375 -0.5235181 0.49225956 -0.6954203 0.310499 0.268805
-0.7734375 -0.375 0.1640625 -0.51078063 0.5450229 -0.66487086 0.295695 0.260225
0.6328125 -0.5390625 -0.0390625 0.3794509 0.40827322 -0.830259 0.650908 0.240294
0.4375 -0.46875 -0.09375 0.3945996 0.49304438 -0.77537 0.640497 0.198841
0.6015625 -0.4140625 0 0.3694844 0.36007077 -0.85663897 0.672947 0.22488
-0.4375 -0.46875 -0.09375 -0.3945996 0.49304438 -0.77537 0.359503 0.198841
-0.6328125 -0.5390625 -0.0390625 -0.3794509 0.40827322 -0.830259 0.349092 0.240294
-0.6015625 -0.4140625 0 -0.3694844 0.36007077 -0.85663897 0.327053 0.22488
0 -0.28125 -0.484375 0.26929027 0.8030166 -0.53164583 0.625128 0.029461
0.125 -0.359375 -0.5390625 0.23436083 0.7805887 -0.5794448 0.598617 0.056841
0 -0.3203125 -0.5703125 0.36167794 0.84873754 -0.3857898 0.603553 0.023452
0 -0.28125 -0.484375 -0.26929027 0.8030166 -0.53164583 0.374872 0.029461
-0.125 -0.359375 -0.5390625 -0.23436083 0.7805887 -0.5794448 0.401383 0.056841
-0.1796875 -0.2578125 -0.4140625 -0.16490857 0.7289437 -0.6644142 0.364247 0.082198
0 -0.3203125 -0.5703125 0.26338652 0.9637142 -0.043388646 0.603553 0.023452
0.140625 -0.3671875 -0.7578125 0.23005958 0.9706474 -0.07011718 0.556354 0.040906
0 -0.34375 -0.8046875 0.19518004 0.9759002 -0.09759002 0.546781 0.009442
0 -0.3203125 -0.5703125 -0.26338652 0.9637142 -0.043388646 0.396447 0.023452
-0.140625 -0.3671875 -0.7578125 -0.23005958 0.9706474 -0.07011718 0.443646 0.040906
-0.125 -0.359375 -0.5390625 -0.30110767 0.9535076 -0.012546153 0.401383 0.056841
0 -0.34375 -0.8046875 0.1435042 0.89251155 -0.42758614 0.546781 0.009442
0.1640625 -0.4375 -0.9453125 0.09727337 0.87674695 -0.47101244 0.527159 0.049514
0 -0.4609375 -0.9765625 -0.010729609 0.82617986 -0.5633045 0.5 0.033223
0 -0.34375 -0.8046875 -0.1435042 0.89251155 -0.42758614 0.453219 0.009442
-0.1640625 -0.4375 -0.9453125 -0.09727337 0.87674695 -0.47101244 0.472841 0.049514
-0.140625 -0.3671875 -0.7578125 -0.2562453 0.9151618 -0.311155 0.443646 0.040906
0.1796875 -0.5546875 -0.96875 0.12473915 0.15744857 -0.9796174 0.520711 0.060503
0 -0.4609375 -0.9765625 0.10591833 0.12075887 -0.987015 0.5 0.033223
0.1640625 -0.4375 -0.9453125 0.15329562 0.21341155 -0.9648607 0.527159 0.049514
0 -0.4609375 -0.9765625 -0.10591833 0.12075887 -0.987015 0.5 0.033223
-0.1796875 -0.5546875 -0.96875 -0.12473915 0.15744857 -0.9796174 0.479289 0.060503
-0.1640625 -0.4375 -0.9453125 -0.15329562 0.21341155 -0.9648607 0.472841 0.049514
0.328125 -0.5234375 -0.9453125 0.11959173 0.22831148 -0.9662152 0.530457 0.065062
0.1640625 -0.4375 -0.9453125 0.11662191 0.22264184 -0.96789974 0.527159 0.049514
0.328125 -0.3984375 -0.9140625 0.1260295 0.24060178 -0.9624071 0.537222 0.060794
-0.1640625 -0.4375 -0.9453125 -0.11662191 0.22264184 -0.96789974 0.472841 0.049514
-0.328125 -0.5234375 -0.9453125 -0.11959173 0.22831148 -0.9662152 0.469543 0.065062
-0.328125 -0.3984375 -0.9140625 -0.1260295 0.24060178 -0.9624071 0.462778 0.060794
0.3671875 -0.53125 -0.890625 0.9409251 0.23346002 -0.24526834 0.532878 0.067822
0.328125 -0.3984375 -0.9140625 0.9601555 0.2786639 -0.021163547 0.537222 0.060794
0.2890625 -0.3828125 -0.7109375 0.93956476 0.3041002 0.1572932 0.558499 0.065137
-0.328125 -0.3984375 -0.9140625 -0.9601555 0.2786639 -0.021163547 0.462778 0.060794
-0.3671875 -0.53125 -0.890625 -0.9409251 0.23346002 -0.24526834 0.467122 0.067822
-0.2890625 -0.3828125 -0.7109375 -0.93956476 0.3041002 0.1572932 0.441501 0.065137
0.3515625 -0.5703125 -0.6953125 0.93293256 0.32405463 0.15692532 0.544695 0.083023
0.2890625 -0.3828125 -0.7109375 0.93104976 0.3242899 0.1672798 0.558499 0.065137
0.25 -0.390625 -0.5 0.9278163 0.32459205 0.18383975 0.588127 0.085177
-0.2890625 -0.3828125 -0.7109375 -0.93104976 0.3242899 0.1672798 0.441501 0.065137
-0.3515625 -0.5703125 -0.6953125 -0.93293256 0.32405463 0.15692532 0.455305 0.083023
-0.25 -0.390625 -0.5 -0.9278163 0.32459205 0.18383975 0.411873 0.085177
0.2890625 -0.3828125 -0.7109375 0.15056759 0.98855954 0.008920029 0.558499 0.065137
0.125 -0.359375 -0.5390625 0.1787982 0.98320496 0.036597617 0.598617 0.056841
0.25 -0.390625 -0.5 0.2192214 0.9726619 0.07662107 0.588127 0.085177
-0.125 -0.359375 -0.5390625 -0.1787982 0.98320496 0.036597617 0.401383 0.056841
-0.2890625 -0.3828125 -0.7109375 -0.15056759 0.98855954 0.008920029 0.441501 0.065137
-0.25 -0.390625 -0.5 -0.2192214 0.9726619 0.07662107 0.411873 0.085177
0.328125 -0.3984375 -0.9140625 -0.036888976 0.9704757 -0.23836187 0.537222 0.060794
0.140625 -0.3671875 -0.7578125 0.0036398969 0.98140526 -0.19191316 0.556354 0.040906
0.2890625 -0.3828125 -0.7109375 0.121066295 0.9912303 -0.052966505 0.558499 0.065137
-0.328125 -0.3984375 -0.9140625 0.036888976 0.9704757 -0.23836187 0.462778 0.060794
-0.140625 -0.3671875 -0.7578125 -0.0036398969 0.98140526 -0.19191316 0.443646 0.040906
-0.1640625 -0.4375 -0.9453125 0.14968342 0.91948384 -0.36351684 0.472841 0.049514
0.25 -0.390625 -0.5 0.7340493 0.59747744 -0.32278842 0.588127 0.085177
0.1796875 -0.2578125 -0.4140625 0.75819504 0.586171 -0.2855591 0.635753 0.082198
0.234375 -0.40625 -0.3515625 0.9093759 0.39274496 0.13706535 0.607239 0.11394
-0.25 -0.390625 -0.5 -0.7340493 0.59747744 -0.32278842 0.411873 0.085177
-0.1796875 -0.2578125 -0.4140625 -0.75819504 0.586171 -0.2855591 0.364247 0.082198
-0.125 -0.359375 -0.5390625 -0.37057644 0.6348635 -0.67795384 0.401383 0.056841
0.3125 -0.5703125 -0.4375 0.9196138 0.36782733 0.1378898 0.565647 0.115495
0.25 -0.390625 -0.5 0.9197597 0.3676779 0.13731414 0.588127 0.085177
0.234375 -0.40625 -0.3515625 0.92021257 0.36721072 0.13551824 0.607239 0.11394
-0.25 -0.390625 -0.5 -0.9197597 0.3676779 0.13731414 0.411873 0.085177
-0.3125 -0.5703125 -0.4375 -0.9196138 0.36782733 0.1378898 0.434353 0.115495
-0.234375 -0.40625 -0.3515625 -0.92021257 0.36721072 0.13551824 0.392761 0.11394
0.21875 -0.4296875 -0.28125 0.9349223 0.19154423 0.29871577 0.612663 0.133675
0.234375 -0.5546875 -0.25 0.92566824 0.19653024 0.3232868 0.583245 0.154155
0.2578125 -0.5546875 -0.3125 0.91728586 0.20065628 0.3439822 0.578661 0.139176
-0.21875 -0.4296875 -0.28125 -0.9349223 0.19154423 0.29871577 0.387337 0.133675
-0.234375 -0.5546875 -0.25 -0.92566824 0.19653024 0.3232868 0.416755 0.154155
-0.2109375 -0.46875 -0.2265625 -0.9456936 0.18502702 0.26726124 0.394533 0.151503
0.234375 -0.40625 -0.3515625 0.9207475 0.22858731 0.3161833 0.607239 0.11394
0.2578125 -0.5546875 -0.3125 0.90951407 0.23401362 0.34354326 0.578661 0.139176
0.3125 -0.5703125 -0.4375 0.90040493 0.23800513 0.36417654 0.565647 0.115495
-0.234375 -0.40625 -0.3515625 -0.9207475 0.22858731 0.3161833 0.392761 0.11394
-0.2578125 -0.5546875 -0.3125 -0.90951407 0.23401362 0.34354326 0.421339 0.139176
-0.21875 -0.4296875 -0.28125 -0.93371344 0.22145769 0.2813111 0.387337 0.133675
0.234375 -0.5546875 -0.25 0.93702024 0.03971151 0.34701005 0.583245 0.154155
0.203125 -0.5 -0.171875 0.94218737 0.07037316 0.32761374 0.600708 0.162985
0.203125 -0.5625 -0.1875 0.8945093 -0.10842537 0.4337015 0.586916 0.172042
-0.234375 -0.5546875 -0.25 -0.93702024 0.03971151 0.34701005 0.416755 0.154155
-0.203125 -0.5 -0.171875 -0.94218737 0.07037316 0.32761374 0.399292 0.162985
-0.2109375 -0.46875 -0.2265625 -0.9501479 0.19216475 0.24554382 0.394533 0.151503
0.203125 -0.5 -0.171875 0.16572185 0.3051351 -0.9377788 0.600708 0.162985
0.4375 -0.53125 -0.140625 0.18171452 0.5430681 -0.8197908 0.626605 0.208159
0.203125 -0.5625 -0.1875 0.1596174 0.23942609 -0.95770437 0.586916 0.172042
-0.203125 -0.5 -0.171875 -0.16572185 0.3051351 -0.9377788 0.399292 0.162985
-0.4375 -0.53125 -0.140625 -0.18171452 0.5430681 -0.8197908 0.373395 0.208159
-0.4375 -0.46875 -0.09375 -0.18349712 0.58981216 -0.7864162 0.359503 0.198841
0.3359375 0.6640625 0.0546875 0.37124634 0.7984898 -0.47390947 0.859647 0.117994
0 0.671875 -0.1953125 0.37052765 0.7994128 -0.47291487 0.861342 0.02723
0 0.828125 0.0703125 0.36927655 0.8010124 -0.47118375 0.922374 0.064228
-0.3359375 0.6640625 0.0546875 -0.37124634 0.7984898 -0.47390947 0.140353 0.117994
0 0.671875 -0.1953125 -0.37052765 0.7994128 -0.47291487 0.138658 0.02723
-0.34375 0.5390625 -0.1484375 -0.37268546 0.7966325 -0.4759014 0.176713 0.101559
0.34375 0.5390625 -0.1484375 0.31135765 0.46506977 -0.8287138 0.823287 0.101559
0 0.3515625 -0.3828125 0.3114947 0.46488434 -0.82876635 0.774604 0.010837
0 0.671875 -0.1953125 0.2985938 0.48213312 -0.82364404 0.861342 0.02723
-0.34375 0.5390625 -0.1484375 -0.31135765 0.46506977 -0.8287138 0.176713 0.101559
0 0.3515625 -0.3828125 -0.3114947 0.46488434 -0.82876635 0.225396 0.010837
-0.296875 0.265625 -0.3125 -0.32627016 0.4445879 -0.83419985 0.234137 0.087001
0 0.3515625 -0.3828125 0.2735259 0.1263444 -0.95353067 0.774604 0.010837
0.2109375 -0.1640625 -0.390625 0.28774238 0.13208485 -0.9485557 0.661952 0.087561
0 -0.1875 -0.4609375 0.29953536 0.13684356 -0.94422054 0.64701 0.028716
-0.2109375 -0.1640625 -0.390625 -0.28774238 0.13208485 -0.9485557 0.338048 0.087561
0 0.3515625 -0.3828125 -0.2735259 0.1263444 -0.95353067 0.225396 0.010837
0 -0.1875 -0.4609375 -0.29953536 0.13684356 -0.94422054 0.35299 0.028716
0 -0.1875 -0.4609375 0.32116717 0.20427456 -0.92472893 0.64701 0.028716
0.1796875 -0.2578125 -0.4140625 0.30686635 0.15858197 -0.9384481 0.635753 0.082198
0 -0.28125 -0.484375 0.32865527 0.22906278 -0.9162511 0.625128 0.029461
-0.1796875 -0.2578125 -0.4140625 -0.30686635 0.15858197 -0.9384481 0.364247 0.082198
0 -0.1875 -0.4609375 -0.32116717 0.20427456 -0.92472893 0.35299 0.028716
0 -0.28125 -0.484375 -0.32865527 0.22906278 -0.9162511 0.374872 0.029461
0.1796875 -0.2578125 -0.4140625 0.9115179 -0.10091356 -0.39868745 0.635753 0.082198
0.21875 -0.4296875 -0.28125 0.9506027 0.29369524 0.10048723 0.612663 0.133675
0.234375 -0.40625 -0.3515625 0.830482 0.44631344 0.3333227 0.607239 0.11394
-0.1796875 -0.2578125 -0.4140625 -0.9115179 -0.10091356 -0.39868745 0.364247 0.082198
-0.21875 -0.4296875 -0.28125 -0.9506027 0.29369524 0.10048723 0.387337 0.133675
-0.2109375 -0.1640625 -0.390625 -0.8641914 -0.16963758 -0.47370493 0.338048 0.087561
0.7734375 -0.375 0.1640625 0.7988363 -0.2698038 -0.5376492 0.704305 0.260225
0.734375 -0.0703125 -0.046875 0.84341586 -0.22850242 -0.48624715 0.743592 0.198572
0.8515625 -0.0546875 0.234375 0.91656184 -0.14144473 -0.3740427 0.76641 0.233065
-0.734375 -0.0703125 -0.046875 -0.84341586 -0.22850242 -0.48624715 0.256408 0.198572
-0.7734375 -0.375 0.1640625 -0.7988363 -0.2698038 -0.5376492 0.295695 0.260225
-0.8515625 -0.0546875 0.234375 -0.91656184 -0.14144473 -0.3740427 0.23359 0.233065
0.4609375 0.703125 0.4375 0.3491936 0.9290654 -0.12207183 0.889478 0.177602
0 0.828125 0.0703125 0.3514185 0.9277962 -0.12529688 0.922374 0.064228
0 0.8515625 0.5625 0.29502672 0.95440763 -0.04544798 0.987633 0.154243
-0.4609375 0.703125 0.4375 -0.3491936 0.9290654 -0.12207183 0.110522 0.177602
0 0.828125 0.0703125 -0.3514185 0.9277962 -0.12529688 0.077626 0.064228
-0.3359375 0.6640625 0.0546875 -0.41890255 0.8793254 -0.22651158 0.140353 0.117994
0.453125 -0.234375 0.8515625 0.1185923 -0.23776494 0.9640559 0.844317 0.34737
0 0.078125 0.984375 0.1213151 -0.23405835 0.96462405 0.958963 0.357385
0 -0.2890625 0.8984375 0.12718827 -0.22603375 0.96578056 0.899807 0.420886
-0.453125 -0.234375 0.8515625 -0.1185923 -0.23776494 0.9640559 0.155683 0.34737
0 0.078125 0.984375 -0.1213151 -0.23405835 0.96462405 0.041037 0.357385
-0.453125 0.0703125 0.9296875 -0.111917816 -0.24681495 0.9625783 0.118831 0.309153
0 0.078125 0.984375 0.12765312 0.18493564 0.9744248 0.958963 0.357385
0.453125 0.3828125 0.8671875 0.12635626 0.18679309 0.9742395 0.903302 0.261367
0 0.546875 0.8984375 0.13196185 0.17875087 0.97500473 0.99986 0.253531
-0.453125 0.3828125 0.8671875 -0.12635626 0.18679309 0.9742395 0.096698 0.261367
0 0.078125 0.984375 -0.12765312 0.18493564 0.9744248 0.041037 0.357385
0 0.546875 0.8984375 -0.13196185 0.17875087 0.97500473 0.00014 0.253531
0 0.546875 0.8984375 0.34997517 0.7233742 0.59518677 0.99986 0.253531
0.4609375 0.703125 0.4375 0.35025132 0.72309196 0.5953672 0.889478 0.177602
0 0.8515625 0.5625 0.3877995 0.68275315 0.61924124 0.987633 0.154243
-0.4609375 0.703125 0.4375 -0.35025132 0.72309196 0.5953672 0.110522 0.177602
0 0.546875 0.8984375 -0.34997517 0.7233742 0.59518677 0.00014 0.253531
0 0.8515625 0.5625 -0.3877995 0.68275315 0.61924124 0.012367 0.154243
0.6796875 -0.4921875 0.453125 0.3891543 0.1556328 0.90793025 0.724763 0.340212
0.7265625 -0.3359375 0.40625 0.43937272 0.13463561 0.88815814 0.744725 0.304629
0.6328125 -0.28125 0.453125 0.49510044 0.110022314 0.86184144 0.766113 0.319494
-0.7265625 -0.3359375 0.40625 -0.43937272 0.13463561 0.88815814 0.255275 0.304629
-0.6796875 -0.4921875 0.453125 -0.3891543 0.1556328 0.90793025 0.275237 0.340212
-0.6328125 -0.28125 0.453125 -0.49510044 0.110022314 0.86184144 0.233887 0.319494
0.6328125 -0.28125 0.453125 0.114001736 -0.6472783 0.7536807 0.766113 0.319494
0.796875 -0.125 0.5625 0.21099868 -0.6994941 0.6827793 0.793427 0.280495
0.640625 -0.0546875 0.703125 0.2561333 -0.72023803 0.64471155 0.826663 0.29781
-0.796875 -0.125 0.5625 -0.21099868 -0.6994941 0.6827793 0.206573 0.280495
-0.6328125 -0.28125 0.453125 -0.114001736 -0.6472783 0.7536807 0.233887 0.319494
-0.640625 -0.0546875 0.703125 -0.2561333 -0.72023803 0.64471155 0.173337 0.29781
0.640625 -0.0546875 0.703125 0.6065061 -0.16218896 0.77836055 0.826663 0.29781
0.796875 0.1171875 0.6171875 0.604648 -0.15950042 0.78035927 0.82362 0.254612
0.640625 0.1953125 0.75 0.5965515 -0.14790533 0.78882843 0.855331 0.267956
-0.796875 0.1171875 0.6171875 -0.604648 -0.15950042 0.78035927 0.17638 0.254612
-0.640625 -0.0546875 0.703125 -0.6065061 -0.16218896 0.77836055 0.173337 0.29781
-0.640625 0.1953125 0.75 -0.5965515 -0.14790533 0.78882843 0.144669 0.267956
0.640625 0.1953125 0.75 0.7022888 0.20692468 0.6811554 0.855331 0.267956
0.796875 0.359375 0.5390625 0.7041118 0.20392923 0.680176 0.83586 0.225225
0.640625 0.4453125 0.6796875 0.7124531 0.18998751 0.6755111 0.868309 0.233525
-0.796875 0.359375 0.5390625 -0.7041118 0.20392923 0.680176 0.16414 0.225225
-0.640625 0.1953125 0.75 -0.7022888 0.20692468 0.6811554 0.144669 0.267956
-0.640625 0.4453125 0.6796875 -0.7124531 0.18998751 0.6755111 0.131691 0.233525
0.6171875 0.5859375 0.328125 0.67992646 0.70998126 0.1833759 0.851288 0.181145
0.796875 0.359375 0.5390625 0.6587494 0.7213853 0.21366432 0.83586 0.225225
0.7734375 0.4375 0.265625 0.71044266 0.69041675 0.13636684 0.813499 0.190705
-0.6171875 0.5859375 0.328125 -0.67992646 0.70998126 0.1833759 0.148712 0.181145
-0.796875 0.359375 0.5390625 -0.6587494 0.7213853 0.21366432 0.16414 0.225225
-0.640625 0.4453125 0.6796875 -0.63040936 0.73432297 0.2517019 0.131691 0.233525
0.4609375 0.703125 0.4375 0.58913714 0.7320203 0.34214574 0.889478 0.177602
0.640625 0.4453125 0.6796875 0.4156522 0.7596085 0.50022835 0.868309 0.233525
0.6171875 0.5859375 0.328125 0.6822971 0.6933375 0.23184854 0.851288 0.181145
-0.640625 0.4453125 0.6796875 -0.4156522 0.7596085 0.50022835 0.131691 0.233525
-0.4609375 0.703125 0.4375 -0.58913714 0.7320203 0.34214574 0.110522 0.177602
-0.6171875 0.5859375 0.328125 -0.6822971 0.6933375 0.23184854 0.148712 0.181145
0.453125 0.3828125 0.8671875 0.6433796 0.17803021 0.74455893 0.903302 0.261367
0.640625 0.1953125 0.75 0.64267766 0.17676081 0.745467 0.855331 0.267956
0.640625 0.4453125 0.6796875 0.6573953 0.20401922 0.7254017 0.868309 0.233525
-0.640625 0.1953125 0.75 -0.64267766 0.17676081 0.745467 0.144669 0.267956
-0.453125 0.3828125 0.8671875 -0.6433796 0.17803021 0.74455893 0.096698 0.261367
-0.640625 0.4453125 0.6796875 -0.6573953 0.20401922 0.7254017 0.131691 0.233525
0.453125 0.0703125 0.9296875 0.7184604 -0.1523954 0.6786681 0.881169 0.309153
0.640625 -0.0546875 0.703125 0.71897316 -0.15114751 0.67840403 0.826663 0.29781
0.640625 0.1953125 0.75 0.72893214 -0.12616134 0.67286044 0.855331 0.267956
-0.640625 -0.0546875 0.703125 -0.71897316 -0.15114751 0.67840403 0.173337 0.29781
-0.453125 0.0703125 0.9296875 -0.7184604 -0.1523954 0.6786681 0.118831 0.309153
-0.640625 0.1953125 0.75 -0.72893214 -0.12616134 0.67286044 0.144669 0.267956
0.453125 -0.234375 0.8515625 0.7458532 -0.5333071 0.39910722 0.844317 0.34737
0.6328125 -0.28125 0.453125 0.72868633 -0.55981994 0.3944845 0.766113 0.319494
0.640625 -0.0546875 0.703125 0.77911806 -0.47643045 0.40741763 0.826663 0.29781
-0.6328125 -0.28125 0.453125 -0.72868633 -0.55981994 0.3944845 0.233887 0.319494
-0.453125 -0.234375 0.8515625 -0.7458532 -0.5333071 0.39910722 0.155683 0.34737
-0.640625 -0.0546875 0.703125 -0.77911806 -0.47643045 0.40741763 0.173337 0.29781
0.6796875 -0.4921875 0.453125 0.3405118 0.14703493 0.92867243 0.724763 0.340212
0.4609375 -0.4296875 0.5234375 0.35040015 0.19607311 0.9158466 0.772263 0.37401
0.484375 -0.5546875 0.5546875 0.36692715 0.28978905 0.88396084 0.744519 0.390057
-0.6796875 -0.4921875 0.453125 -0.3405118 0.14703493 0.92867243 0.275237 0.340212
-0.4609375 -0.4296875 0.5234375 -0.35040015 0.19607311 0.9158466 0.227737 0.37401
-0.6328125 -0.28125 0.453125 -0.32379025 0.07195339 0.94338894 0.233887 0.319494
0.4609375 -0.4296875 0.5234375 0.21856962 -0.7944833 0.56658965 0.772263 0.37401
0 -0.2890625 0.8984375 0.23097247 -0.7830117 0.57753307 0.899807 0.420886
0 -0.5703125 0.5703125 0.28543034 -0.7276711 0.62371814 0.824765 0.470987
-0.4609375 -0.4296875 0.5234375 -0.21856962 -0.7944833 0.56658965 0.227737 0.37401
0 -0.2890625 0.8984375 -0.23097247 -0.7830117 0.57753307 0.100193 0.420886
-0.453125 -0.234375 0.8515625 -0.15481678 -0.8473081 0.50803614 0.155683 0.34737
0.1953125 -0.6171875 0.6640625 -0.17218551 0.97949034 0.10464704 0.742181 0.461543
0.484375 -0.5546875 0.5546875 -0.17322466 0.9795907 0.101958126 0.744519 0.390057
0.109375 -0.609375 0.4609375 -0.17023328 0.9792801 0.10968639 0.792141 0.464714
-0.1953125 -0.6171875 0.6640625 0.17218551 0.97949034 0.10464704 0.257819 0.461543
-0.484375 -0.5546875 0.5546875 0.17322466 0.9795907 0.101958126 0.255481 0.390057
-0.3359375 -0.59375 0.6875 0.17817417 0.9799579 0.089087084 0.273145 0.432574
0.109375 -0.609375 0.4609375 0.23274171 -0.69277716 0.68256223 0.792141 0.464714
0.4609375 -0.4296875 0.5234375 -0.17906168 0.008145331 0.98380417 0.772263 0.37401
0 -0.5703125 0.5703125 0.29253098 -0.7697092 0.5674271 0.824765 0.470987
-0.4609375 -0.4296875 0.5234375 0.17906168 0.008145331 0.98380417 0.227737 0.37401
-0.109375 -0.609375 0.4609375 -0.23274171 -0.69277716 0.68256223 0.207859 0.464714
0 -0.5703125 0.5703125 -0.29253098 -0.7697092 0.5674271 0.175235 0.470987
0 -0.6015625 0.40625 -0.16157193 -0.96943164 0.18465364 0.795638 0.489991
0.109375 -0.609375 0.4609375 -0.16157192 -0.96943164 0.18465362 0.792141 0.464714
0 -0.5703125 0.5703125 -0.16157192 -0.96943164 0.18465362 0.824765 0.470987
0 -0.5703125 0.5703125 0.16157192 -0.96943164 0.18465362 0.175235 0.470987
-0.109375 -0.609375 0.4609375 0.16157192 -0.96943164 0.18465362 0.207859 0.464714
0 -0.6015625 0.40625 0.16157193 -0.96943164 0.18465364 0.204362 0.489991
0.7734375 -0.375 0.1640625 0.9797091 -0.040871415 0.19621328 0.704305 0.260225
0.7265625 -0.3359375 0.40625 0.97520816 0.14750454 0.1649589 0.744725 0.304629
0.796875 -0.4609375 0.40625 0.86809653 0.48830426 0.08925992 0.712163 0.315527
-0.7734375 -0.375 0.1640625 -0.9797091 -0.040871415 0.19621328 0.295695 0.260225
-0.7265625 -0.3359375 0.40625 -0.97520816 0.14750454 0.1649589 0.255275 0.304629
-0.8515625 -0.0546875 0.234375 -0.9339512 -0.27729058 0.22548904 0.23359 0.233065
0.8515625 -0.0546875 0.234375 0.95999825 -0.25984862 0.104317866 0.76641 0.233065
0.796875 -0.125 0.5625 0.94307554 -0.3205927 0.08848082 0.793427 0.280495
0.7265625 -0.3359375 0.40625 0.9276127 -0.36567992 0.07624214 0.744725 0.304629
-0.796875 -0.125 0.5625 -0.94307554 -0.3205927 0.08848082 0.206573 0.280495
-0.8515625 -0.0546875 0.234375 -0.95999825 -0.25984862 0.104317866 0.23359 0.233065
-0.7265625 -0.3359375 0.40625 -0.9276127 -0.36567992 0.07624214 0.255275 0.304629
0.859375 0.046875 0.3203125 0.976693 0.121720076 0.17679112 0.786137 0.227788
0.796875 0.1171875 0.6171875 0.9796441 0.041737266 0.19635572 0.82362 0.254612
0.796875 -0.125 0.5625 0.9749749 -0.048967347 0.2168554 0.793427 0.280495
-0.796875 0.1171875 0.6171875 -0.9796441 0.041737266 0.19635572 0.17638 0.254612
-0.859375 0.046875 0.3203125 -0.976693 0.121720076 0.17679112 0.213863 0.227788
-0.796875 -0.125 0.5625 -0.9749749 -0.048967347 0.2168554 0.206573 0.280495
0.796875 0.359375 0.5390625 0.9945042 0.09742691 0.038332388 0.83586 0.225225
0.8203125 0.203125 0.328125 0.99264884 0.11898528 0.022157073 0.80295 0.203415
0.7734375 0.4375 0.265625 0.9816547 0.18823482 -0.030360455 0.813499 0.190705
-0.796875 0.359375 0.5390625 -0.9945042 0.09742691 0.038332388 0.16414 0.225225
-0.8203125 0.203125 0.328125 -0.99264884 0.11898528 0.022157073 0.19705 0.203415
-0.796875 0.1171875 0.6171875 -0.9955895 0.02880201 0.08928623 0.17638 0.254612
0.296875 0.265625 -0.3125 0.68693125 -0.06438723 -0.72386444 0.765863 0.087001
0.40625 -0.1484375 -0.171875 0.7211675 -0.04429866 -0.691343 0.691484 0.146686
0.2109375 -0.1640625 -0.390625 0.74664503 -0.028490406 -0.66461235 0.661952 0.087561
-0.296875 0.265625 -0.3125 -0.68693125 -0.06438723 -0.72386444 0.234137 0.087001
-0.40625 -0.1484375 -0.171875 -0.7211675 -0.04429866 -0.691343 0.308516 0.146686
-0.4296875 0.2109375 -0.1953125 -0.6374072 -0.091466494 -0.7650792 0.230666 0.128771
0.40625 -0.1484375 -0.171875 0.37216488 -0.08465418 -0.9242982 0.691484 0.146686
0.59375 0.1640625 -0.125 0.37212825 -0.08462967 -0.92431515 0.780113 0.169386
0.734375 -0.0703125 -0.046875 0.37226757 -0.084722966 -0.9242505 0.743592 0.198572
-0.40625 -0.1484375 -0.171875 -0.37216488 -0.08465418 -0.9242982 0.308516 0.146686
-0.59375 0.1640625 -0.125 -0.37212825 -0.08462967 -0.92431515 0.219887 0.169386
-0.4296875 0.2109375 -0.1953125 -0.3720037 -0.0845463 -0.92437285 0.230666 0.128771
0.6015625 -0.4140625 0 0.46783647 -0.21129896 -0.85818523 0.672947 0.22488
0.40625 -0.1484375 -0.171875 0.4446637 -0.2327084 -0.8649399 0.691484 0.146686
0.734375 -0.0703125 -0.046875 0.39859003 -0.2733785 -0.87543726 0.743592 0.198572
-0.40625 -0.1484375 -0.171875 -0.4446637 -0.2327084 -0.8649399 0.308516 0.146686
-0.6015625 -0.4140625 0 -0.46783647 -0.21129896 -0.85818523 0.327053 0.22488
-0.734375 -0.0703125 -0.046875 -0.39859003 -0.2733785 -0.87543726 0.256408 0.198572
0.4375 -0.46875 -0.09375 0.6070322 -0.23879 -0.7579521 0.640497 0.198841
0.21875 -0.4296875 -0.28125 0.5128553 -0.49493268 -0.7014422 0.612663 0.133675
0.40625 -0.1484375 -0.171875 0.6327885 -0.124660686 -0.76422423 0.691484 0.146686
-0.21875 -0.4296875 -0.28125 -0.5128553 -0.49493268 -0.7014422 0.387337 0.133675
-0.4375 -0.46875 -0.09375 -0.6070322 -0.23879 -0.7579521 0.359503 0.198841
-0.40625 -0.1484375 -0.171875 -0.6327885 -0.124660686 -0.76422423 0.308516 0.146686
0.21875 -0.4296875 -0.28125 0.7324889 -0.24067491 -0.63681686 0.612663 0.133675
0.2109375 -0.1640625 -0.390625 0.7324889 -0.24067493 -0.63681686 0.661952 0.087561
0.40625 -0.1484375 -0.171875 0.7324889 -0.2406749 -0.6368168 0.691484 0.146686
-0.40625 -0.1484375 -0.171875 -0.7324889 -0.2406749 -0.6368168 0.308516 0.146686
-0.2109375 -0.1640625 -0.390625 -0.7324889 -0.24067493 -0.63681686 0.338048 0.087561
-0.21875 -0.4296875 -0.28125 -0.7324889 -0.24067491 -0.63681686 0.387337 0.133675
0.4375 -0.46875 -0.09375 0.26373234 -0.85325176 -0.44989637 0.640497 0.198841
0.203125 -0.5 -0.171875 0.26373234 -0.85325176 -0.44989637 0.600708 0.162985
0.2109375 -0.46875 -0.2265625 0.26373234 -0.85325176 -0.4498964 0.605467 0.151503
-0.2109375 -0.46875 -0.2265625 -0.26373234 -0.85325176 -0.4498964 0.394533 0.151503
-0.203125 -0.5 -0.171875 -0.26373234 -0.85325176 -0.44989637 0.399292 0.162985
-0.4375 -0.46875 -0.09375 -0.26373234 -0.85325176 -0.44989637 0.359503 0.198841
0.640625 0.4296875 -0.0078125 0.54772925 0.77257514 -0.3211236 0.803789 0.171181
0.6171875 0.5859375 0.328125 0.5647312 0.76265895 -0.31532526 0.851288 0.181145
0.7734375 0.4375 0.265625 0.58806366 0.7482819 -0.3070104 0.813499 0.190705
-0.640625 0.4296875 -0.0078125 -0.54772925 0.77257514 -0.3211236 0.196211 0.171181
-0.6171875 0.5859375 0.328125 -0.5647312 0.76265895 -0.31532526 0.148712 0.181145
-0.484375 0.546875 0.0234375 -0.5236076 0.78587484 -0.3289924 0.169083 0.139518
0.6171875 0.5859375 0.328125 0.48968565 0.83017755 -0.26648313 0.851288 0.181145
0.3359375 0.6640625 0.0546875 0.515241 0.8025797 -0.3006537 0.859647 0.117994
0.4609375 0.703125 0.4375 0.46935374 0.8497773 -0.23997034 0.889478 0.177602
-0.6171875 0.5859375 0.328125 -0.48968565 0.83017755 -0.26648313 0.148712 0.181145
-0.3359375 0.6640625 0.0546875 -0.515241 0.8025797 -0.3006537 0.140353 0.117994
-0.484375 0.546875 0.0234375 -0.5396378 0.77268493 -0.33428892 0.169083 0.139518
0.4296875 0.2109375 -0.1953125 0.37019703 0.37246454 -0.8510137 0.769334 0.128771
0.640625 0.4296875 -0.0078125 0.27709782 0.45717636 -0.84510756 0.803789 0.171181
0.59375 0.1640625 -0.125 0.4462593 0.29412544 -0.8451881 0.780113 0.169386
-0.4296875 0.2109375 -0.1953125 -0.37019703 0.37246454 -0.8510137 0.230666 0.128771
-0.640625 0.4296875 -0.0078125 -0.27709782 0.45717636 -0.84510756 0.196211 0.171181
-0.484375 0.546875 0.0234375 -0.21436158 0.50824434 -0.83410853 0.169083 0.139518
0.34375 0.5390625 -0.1484375 0.72635955 0.27991334 -0.62773436 0.823287 0.101559
0.4296875 0.2109375 -0.1953125 0.71051854 0.2784109 -0.6462591 0.769334 0.128771
0.296875 0.265625 -0.3125 0.69734085 0.27706847 -0.661021 0.765863 0.087001
-0.34375 0.5390625 -0.1484375 -0.72635955 0.27991334 -0.62773436 0.176713 0.101559
-0.4296875 0.2109375 -0.1953125 -0.71051854 0.2784109 -0.6462591 0.230666 0.128771
-0.484375 0.546875 0.0234375 -0.7365212 0.28080872 -0.61537224 0.169083 0.139518
0.3359375 0.6640625 0.0546875 0.4972049 0.7473325 -0.44077367 0.859647 0.117994
0.484375 0.546875 0.0234375 0.4972049 0.7473325 -0.44077364 0.830917 0.139518
0.34375 0.5390625 -0.1484375 0.4972049 0.7473325 -0.44077367 0.823287 0.101559
-0.34375 0.5390625 -0.1484375 -0.4972049 0.7473325 -0.44077367 0.176713 0.101559
-0.484375 0.546875 0.0234375 -0.4972049 0.7473325 -0.44077364 0.169083 0.139518
-0.3359375 0.6640625 0.0546875 -0.4972049 0.7473325 -0.44077367 0.140353 0.117994
0.890625 0.234375 0.40625 0.3366436 -0.83236676 0.44026896 0.464516 0.959188
1.015625 0.2890625 0.4140625 0.36194697 -0.87372875 0.32494995 0.545439 0.884582
1.0234375 0.3125 0.4765625 0.36909834 -0.8844432 0.2855289 0.574628 0.959188
-0.890625 0.234375 0.40625 -0.3366436 -0.83236676 0.44026896 0.28571 0.959188
-1.015625 0.2890625 0.4140625 -0.36194697 -0.87372875 0.32494995 0.204787 0.884582
-0.921875 0.21875 0.359375 -0.32444286 -0.81110716 0.4866643 0.2729 0.891852
1.0234375 0.3125 0.4765625 0.46263948 -0.8557816 0.23152262 0.574628 0.959188
1.1875 0.390625 0.4375 0.45010445 -0.88474786 0.12094304 0.605134 0.846978
1.234375 0.421875 0.5078125 0.44670808 -0.8893552 0.09746358 0.715894 0.897069
-1.1875 0.390625 0.4375 -0.45010445 -0.88474786 0.12094304 0.145092 0.846978
-1.0234375 0.3125 0.4765625 -0.46263948 -0.8557816 0.23152262 0.175598 0.959188
-1.234375 0.421875 0.5078125 -0.44670808 -0.8893552 0.09746358 0.034332 0.897069
1.1875 0.390625 0.4375 0.2887455 -0.9452338 0.15218134 0.605134 0.846978
1.3515625 0.421875 0.3203125 0.22507088 -0.9727491 0.055699483 0.683874 0.757011
1.234375 0.421875 0.5078125 0.3188384 -0.92662406 0.19927399 0.715894 0.897069
-1.1875 0.390625 0.4375 -0.2887455 -0.9452338 0.15218134 0.145092 0.846978
-1.3515625 0.421875 0.3203125 -0.22507088 -0.9727491 0.055699483 0.066352 0.757011
-1.265625 0.40625 0.2890625 -0.18165934 -0.9833299 -0.007898232 0.144866 0.78441
1.265625 0.40625 0.2890625 0.22084835 -0.9718162 -0.08245839 0.60536 0.78441
1.28125 0.4296875 0.0546875 0.27390406 -0.95862126 -0.07760186 0.617867 0.719156
1.3515625 0.421875 0.3203125 0.20761356 -0.97463024 -0.08362212 0.683874 0.757011
-1.265625 0.40625 0.2890625 -0.22084835 -0.9718162 -0.08245839 0.144866 0.78441
-1.28125 0.4296875 0.0546875 -0.27390406 -0.95862126 -0.07760186 0.132359 0.719156
-1.2109375 0.40625 0.078125 -0.2924779 -0.95326126 -0.075827606 0.175391 0.744212
1.2109375 0.40625 0.078125 0.369707 -0.9278148 0.04976497 0.574835 0.744212
1.0390625 0.328125 -0.1015625 0.5497408 -0.8177968 -0.17027518 0.568728 0.682132
1.28125 0.4296875 0.0546875 0.3397551 -0.9369005 0.08236488 0.617867 0.719156
-1.2109375 0.40625 0.078125 -0.369707 -0.9278148 0.04976497 0.175391 0.744212
-1.0390625 0.328125 -0.1015625 -0.5497408 -0.8177968 -0.17027518 0.181498 0.682132
-1.03125 0.3046875 -0.0390625 -0.58470505 -0.78091484 -0.21975493 0.21523 0.712528
1.0390625 0.328125 -0.1015625 0.6430493 -0.7310154 -0.22826342 0.568728 0.682132
0.828125 0.1328125 -0.0703125 0.60248345 -0.7092477 -0.3660348 0.483006 0.686791
0.7734375 0.125 -0.140625 0.595688 -0.7049408 -0.38498613 0.508539 0.641024
-0.828125 0.1328125 -0.0703125 -0.60248345 -0.7092477 -0.3660348 0.26722 0.686791
-1.0390625 0.328125 -0.1015625 -0.6430493 -0.7310154 -0.22826342 0.181498 0.682132
-0.7734375 0.125 -0.140625 -0.595688 -0.7049408 -0.38498613 0.241687 0.641024
1.03125 0.3046875 -0.0390625 0.41698578 -0.53814834 0.7324748 0.534996 0.712528
0.8828125 0.2109375 -0.0234375 0.47765347 -0.65955573 0.58037347 0.47888 0.719593
0.828125 0.1328125 -0.0703125 0.48431787 -0.67383355 0.5580184 0.483006 0.686791
-0.8828125 0.2109375 -0.0234375 -0.47765347 -0.65955573 0.58037347 0.271346 0.719593
-1.03125 0.3046875 -0.0390625 -0.41698578 -0.53814834 0.7324748 0.21523 0.712528
-0.828125 0.1328125 -0.0703125 -0.48431787 -0.67383355 0.5580184 0.26722 0.686791
1.2109375 0.40625 0.078125 -0.26581588 -0.49037692 0.82998335 0.574835 0.744212
1.0390625 0.3671875 0 -0.26730624 -0.48692438 0.83153605 0.513415 0.736977
1.03125 0.3046875 -0.0390625 -0.26752672 -0.4864122 0.8317649 0.534996 0.712528
-1.0390625 0.3671875 0 0.26730624 -0.48692438 0.83153605 0.236811 0.736977
-1.2109375 0.40625 0.078125 0.26581588 -0.49037692 0.82998335 0.175391 0.744212
-1.03125 0.3046875 -0.0390625 0.26752672 -0.4864122 0.8317649 0.21523 0.712528
1.234375 0.4453125 0.25 -0.85048664 -0.47585782 0.22412497 0.557599 0.789442
1.2109375 0.40625 0.078125 -0.80199647 -0.5494824 0.23424554 0.574835 0.744212
1.265625 0.40625 0.2890625 -0.85761404 -0.46374685 0.22234438 0.60536 0.78441
-1.234375 0.4453125 0.25 0.85048664 -0.47585782 0.22412497 0.192627 0.789442
-1.2109375 0.40625 0.078125 0.80199647 -0.5494824 0.23424554 0.175391 0.744212
-1.1875 0.4453125 0.09375 0.78850234 -0.56772166 0.23655069 0.209109 0.760754
1.171875 0.4375 0.359375 -0.52534014 -0.7722774 -0.35721916 0.553841 0.821849
1.265625 0.40625 0.2890625 -0.5246098 -0.7734664 -0.35571688 0.60536 0.78441
1.1875 0.390625 0.4375 -0.52567315 -0.7717329 -0.35790512 0.605134 0.846978
-1.171875 0.4375 0.359375 0.52534014 -0.7722774 -0.35721916 0.196385 0.821849
-1.265625 0.40625 0.2890625 0.5246098 -0.7734664 -0.35571688 0.144866 0.78441
-1.234375 0.4453125 0.25 0.52417654 -0.7741684 -0.35482717 0.192627 0.789442
1.0234375 0.359375 0.34375 0.45965475 -0.6722864 -0.58030033 0.524671 0.84238
1.1875 0.390625 0.4375 0.44839352 -0.7047706 -0.5497651 0.605134 0.846978
1.015625 0.2890625 0.4140625 0.46631014 -0.6508912 -0.59907895 0.545439 0.884582
-1.0234375 0.359375 0.34375 -0.45965475 -0.6722864 -0.58030033 0.225555 0.84238
-1.1875 0.390625 0.4375 -0.44839352 -0.7047706 -0.5497651 0.145092 0.846978
-1.171875 0.4375 0.359375 -0.43897614 -0.7290139 -0.5252036 0.196385 0.821849
1.015625 0.2890625 0.4140625 0.70140743 -0.55200785 -0.4509048 0.545439 0.884582
0.9453125 0.2890625 0.3046875 0.6978368 -0.55836684 -0.44860935 0.485193 0.845321
1.0234375 0.359375 0.34375 0.7103582 -0.53558755 -0.45665884 0.524671 0.84238
-0.9453125 0.2890625 0.3046875 -0.6978368 -0.55836684 -0.44860935 0.265033 0.845321
-1.015625 0.2890625 0.4140625 -0.70140743 -0.55200785 -0.4509048 0.204787 0.884582
-1.0234375 0.359375 0.34375 -0.7103582 -0.53558755 -0.45665884 0.225555 0.84238
0.59375 0.1640625 -0.125 0.7062346 0.05991478 -0.7054382 0.780113 0.169386
0.7265625 0.0703125 0 0.7258612 0.12693276 -0.6760279 0.770208 0.191225
0.734375 -0.0703125 -0.046875 0.7507172 0.24606842 -0.6130857 0.743592 0.198572
-0.59375 0.1640625 -0.125 -0.7062346 0.05991478 -0.7054382 0.219887 0.169386
-0.7265625 0.0703125 0 -0.7258612 0.12693276 -0.6760279 0.229792 0.191225
-0.71875 0.171875 -0.0234375 -0.6302015 -0.1282387 -0.7657683 0.21385 0.181127
0.7734375 0.125 -0.140625 -0.19900161 -0.9384009 0.28249294 0.508539 0.641024
0.71875 0.171875 -0.0234375 -0.19209434 -0.938814 0.28588155 0.40961 0.674022
0.59375 0.1640625 -0.125 -0.17880778 -0.93945044 0.29233652 0.408153 0.587507
-0.7734375 0.125 -0.140625 0.19900161 -0.9384009 0.28249294 0.241687 0.641024
-0.71875 0.171875 -0.0234375 0.19209434 -0.938814 0.28588155 0.340616 0.674022
-0.828125 0.1328125 -0.0703125 0.21752098 -0.93701345 0.27329558 0.26722 0.686791
0.8515625 -0.0546875 0.234375 0.90455794 0.22150394 -0.36429542 0.76641 0.233065
0.7265625 0.0703125 0 0.9047669 0.19091536 -0.38072085 0.770208 0.191225
0.859375 0.046875 0.3203125 0.90418565 0.23323517 -0.35784024 0.786137 0.227788
-0.7265625 0.0703125 0 -0.9047669 0.19091536 -0.38072085 0.229792 0.191225
-0.8515625 -0.0546875 0.234375 -0.90455794 0.22150394 -0.36429542 0.23359 0.233065
-0.859375 0.046875 0.3203125 -0.90418565 0.23323517 -0.35784024 0.213863 0.227788
0.8203125 0.203125 0.328125 0.14058144 -0.9893479 0.03778428 0.400301 0.910556
0.921875 0.21875 0.359375 0.07553536 -0.96817636 0.23859824 0.477326 0.891852
0.890625 0.234375 0.40625 0.03998401 -0.93962425 0.33986408 0.464516 0.959188
-0.921875 0.21875 0.359375 -0.07553536 -0.96817636 0.23859824 0.2729 0.891852
-0.8203125 0.203125 0.328125 -0.14058144 -0.9893479 0.03778428 0.349925 0.910556
-0.890625 0.234375 0.40625 -0.03998401 -0.93962425 0.33986408 0.28571 0.959188
0.828125 0.1328125 -0.0703125 0.07725933 -0.35389465 0.93208885 0.483006 0.686791
0.8125 0.2734375 -0.015625 0.03991554 -0.35830188 0.93275213 0.44363 0.713731
0.71875 0.171875 -0.0234375 0.27340823 -0.3220974 0.90636706 0.40961 0.674022
-0.8125 0.2734375 -0.015625 -0.03991554 -0.35830188 0.93275213 0.306596 0.713731
-0.828125 0.1328125 -0.0703125 -0.07725933 -0.35389465 0.93208885 0.26722 0.686791
-0.71875 0.171875 -0.0234375 -0.27340823 -0.3220974 0.90636706 0.340616 0.674022
0.71875 0.1875 0.0390625 0.6939035 -0.7173723 0.062249407 0.392812 0.710774
0.8125 0.2734375 -0.015625 0.52501553 -0.7838071 -0.33167022 0.44363 0.713731
0.84375 0.2734375 0.015625 0.44795468 -0.77373993 -0.44795468 0.429725 0.728622
-0.71875 0.1875 0.0390625 -0.6939035 -0.7173723 0.062249407 0.357414 0.710774
-0.8125 0.2734375 -0.015625 -0.52501553 -0.7838071 -0.33167022 0.306596 0.713731
-0.71875 0.171875 -0.0234375 -0.7177406 -0.67552054 0.16888013 0.340616 0.674022
0.7578125 0.2734375 0.09375 0.4111309 -0.79148394 0.452244 0.422979 0.754609
0.84375 0.2734375 0.015625 0.35682264 -0.8477131 0.3925049 0.429725 0.728622
0.8203125 0.2734375 0.0859375 0 -1 0 0.43264 0.746527
-0.84375 0.2734375 0.015625 -0.35682264 -0.8477131 0.3925049 0.320501 0.728622
-0.7578125 0.2734375 0.09375 -0.4111309 -0.79148394 0.452244 0.327247 0.754609
-0.8203125 0.2734375 0.0859375 0 -1 0 0.317586 0.746527
0.796875 0.2109375 0.203125 0.7204465 -0.45920107 -0.519703 0.391578 0.815187
0.7578125 0.2734375 0.09375 0.83642316 -0.29053515 -0.46474266 0.422979 0.754609
0.8359375 0.2734375 0.171875 0.5533716 -0.62254304 -0.5533716 0.427719 0.796173
-0.796875 0.2109375 0.203125 -0.7204465 -0.45920107 -0.519703 0.358648 0.815187
-0.7578125 0.2734375 0.09375 -0.83642316 -0.29053515 -0.46474266 0.327247 0.754609
-0.71875 0.1875 0.0390625 -0.90078163 -0.15013027 -0.40749645 0.357414 0.710774
0.796875 0.2109375 0.203125 0.5816457 -0.69389755 -0.4244933 0.391578 0.815187
0.890625 0.265625 0.2421875 0.58083814 -0.7047919 -0.40730277 0.448277 0.830976
0.84375 0.2109375 0.2890625 0.57238394 -0.7582229 -0.31220943 0.414155 0.878318
-0.796875 0.2109375 0.203125 -0.5816457 -0.69389755 -0.4244933 0.358648 0.815187
-0.890625 0.265625 0.2421875 -0.58083814 -0.7047919 -0.40730277 0.301949 0.830976
-0.8359375 0.2734375 0.171875 -0.5815153 -0.6242738 -0.5216534 0.322507 0.796173
0.84375 0.2109375 0.2890625 0.59370077 -0.688511 -0.4164999 0.414155 0.878318
0.9453125 0.2890625 0.3046875 0.59102994 -0.68227166 -0.430336 0.485193 0.845321
0.921875 0.21875 0.359375 0.5596814 -0.61692154 -0.55332136 0.477326 0.891852
-0.84375 0.2109375 0.2890625 -0.59370077 -0.688511 -0.4164999 0.336071 0.878318
-0.9453125 0.2890625 0.3046875 -0.59102994 -0.68227166 -0.430336 0.265033 0.845321
-0.890625 0.265625 0.2421875 -0.61375403 -0.7464575 -0.25711316 0.301949 0.830976
0.796875 0.2109375 0.203125 0.9756752 -0.10970612 -0.18979573 0.79771 0.195652
0.8203125 0.203125 0.328125 0.96478516 -0.17965886 -0.1921259 0.80295 0.203415
0.859375 0.046875 0.3203125 0.9551076 0.24695931 -0.16364774 0.786137 0.227788
-0.796875 0.2109375 0.203125 -0.9756752 -0.10970612 -0.18979573 0.20229 0.195652
-0.8203125 0.203125 0.328125 -0.96478516 -0.17965886 -0.1921259 0.19705 0.203415
-0.84375 0.2109375 0.2890625 -0.17124902 -0.98078984 -0.093408555 0.19742 0.199758
0.7265625 0.0703125 0 0.8983716 0.14810924 -0.41351193 0.770208 0.191225
0.796875 0.2109375 0.203125 0.91336936 0.109660864 -0.39208537 0.79771 0.195652
0.859375 0.046875 0.3203125 0.92271215 0.082546555 -0.37654796 0.786137 0.227788
-0.7265625 0.0703125 0 -0.8983716 0.14810924 -0.41351193 0.229792 0.191225
-0.796875 0.2109375 0.203125 -0.91336936 0.109660864 -0.39208537 0.20229 0.195652
-0.71875 0.1875 0.0390625 -0.8716733 0.206296 -0.44455335 0.210391 0.184671
0.7265625 0.0703125 0 0.997202 0.07252378 -0.018130945 0.770208 0.191225
0.71875 0.171875 -0.0234375 0.9972019 0.07252378 -0.018130945 0.78615 0.181127
0.71875 0.1875 0.0390625 0.9972019 0.07252378 -0.018130945 0.789609 0.184671
-0.71875 0.1875 0.0390625 -0.9972019 0.07252378 -0.018130945 0.210391 0.184671
-0.71875 0.171875 -0.0234375 -0.9972019 0.07252378 -0.018130945 0.21385 0.181127
-0.7265625 0.0703125 0 -0.997202 0.07252378 -0.018130945 0.229792 0.191225
0.9453125 0.2890625 0.3046875 0.720494 -0.21932776 -0.65786314 0.485193 0.845321
0.890625 0.3203125 0.234375 0.7422031 -0.1634844 -0.6499288 0.466042 0.804091
0.953125 0.34375 0.2890625 0.689496 -0.28833467 -0.66442335 0.490498 0.816075
-0.890625 0.3203125 0.234375 -0.7422031 -0.1634844 -0.6499288 0.284184 0.804091
-0.9453125 0.2890625 0.3046875 -0.720494 -0.21932776 -0.65786314 0.265033 0.845321
-0.953125 0.34375 0.2890625 -0.689496 -0.28833467 -0.66442335 0.259728 0.816075
0.8359375 0.2734375 0.171875 0.78877056 -0.11516062 -0.6038038 0.427719 0.796173
0.890625 0.3203125 0.234375 0.7852519 -0.101791255 -0.610752 0.466042 0.804091
0.890625 0.265625 0.2421875 0.7814988 -0.08823374 -0.61763614 0.448277 0.830976
-0.8359375 0.2734375 0.171875 -0.78877056 -0.11516062 -0.6038038 0.322507 0.796173
-0.890625 0.3203125 0.234375 -0.7852519 -0.101791255 -0.610752 0.284184 0.804091
-0.84375 0.3203125 0.171875 -0.79298234 -0.13216372 -0.59473675 0.302184 0.783921
0.8359375 0.2734375 0.171875 0.7022469 -0.11704116 -0.7022469 0.427719 0.796173
0.765625 0.3203125 0.09375 0.7022469 -0.11704116 -0.7022469 0.438745 0.76496
0.84375 0.3203125 0.171875 0.7022469 -0.117041156 -0.7022469 0.448042 0.783921
-0.765625 0.3203125 0.09375 -0.7022469 -0.11704116 -0.7022469 0.311481 0.76496
-0.8359375 0.2734375 0.171875 -0.7022469 -0.11704116 -0.7022469 0.322507 0.796173
-0.84375 0.3203125 0.171875 -0.7022469 -0.117041156 -0.7022469 0.302184 0.783921
0.8203125 0.2734375 0.0859375 0.19495435 0.064330004 0.9787004 0.43264 0.746527
0.765625 0.3203125 0.09375 0.17234385 0.03701093 0.9843413 0.438745 0.76496
0.7578125 0.2734375 0.09375 0.12400825 -0.020668043 0.992066 0.422979 0.754609
-0.8203125 0.2734375 0.0859375 -0.19495435 0.064330004 0.9787004 0.317586 0.746527
-0.765625 0.3203125 0.09375 -0.17234385 0.03701093 0.9843413 0.311481 0.76496
-0.828125 0.3203125 0.078125 -0.24077173 0.12038586 0.9630869 0.30501 0.756351
0.84375 0.2734375 0.015625 0.93270075 -0.13500555 0.33442935 0.429725 0.728622
0.828125 0.3203125 0.078125 0.9373099 -0.12254875 0.32623905 0.445216 0.756351
0.8203125 0.2734375 0.0859375 0.9434564 -0.10482849 0.31448546 0.43264 0.746527
-0.84375 0.2734375 0.015625 -0.93270075 -0.13500555 0.33442935 0.320501 0.728622
-0.828125 0.3203125 0.078125 -0.9373099 -0.12254875 0.32623905 0.30501 0.756351
-0.8515625 0.3203125 0.015625 -0.9251321 -0.15418868 0.3469245 0.300407 0.743458
0.84375 0.2734375 0.015625 0.66450226 -0.053892188 -0.74534047 0.429725 0.728622
0.8125 0.3203125 -0.015625 0.66436726 -0.054054562 -0.74544907 0.456307 0.732687
0.8515625 0.3203125 0.015625 0.62133646 -0.103556074 -0.7766706 0.449819 0.743458
-0.8125 0.3203125 -0.015625 -0.66436726 -0.054054562 -0.74544907 0.293919 0.732687
-0.84375 0.2734375 0.015625 -0.66450226 -0.053892188 -0.74534047 0.320501 0.728622
-0.8515625 0.3203125 0.015625 -0.62133646 -0.103556074 -0.7766706 0.300407 0.743458
0.8125 0.2734375 -0.015625 -0.0042453967 -0.038208574 0.9992608 0.44363 0.713731
0.8828125 0.265625 -0.015625 -0.011857361 -0.106716245 0.9942189 0.475471 0.740871
0.8125 0.3203125 -0.015625 0 0 1 0.456307 0.732687
-0.8828125 0.265625 -0.015625 0.011857361 -0.106716245 0.9942189 0.274755 0.740871
-0.8125 0.2734375 -0.015625 0.0042453967 -0.038208574 0.9992608 0.306596 0.713731
-0.8125 0.3203125 -0.015625 0 0 1 0.293919 0.732687
1.0234375 0.359375 0.34375 0.62170404 -0.3562399 -0.6975509 0.524671 0.84238
0.953125 0.34375 0.2890625 0.6253731 -0.31416062 -0.714291 0.490498 0.816075
1.0390625 0.4140625 0.328125 0.6197241 -0.37417305 -0.68988156 0.514211 0.817769
-0.953125 0.34375 0.2890625 -0.6253731 -0.31416062 -0.714291 0.259728 0.816075
-1.0234375 0.359375 0.34375 -0.62170404 -0.3562399 -0.6975509 0.225555 0.84238
-1.0390625 0.4140625 0.328125 -0.6197241 -0.37417305 -0.68988156 0.236015 0.817769
1.171875 0.4375 0.359375 0.27473792 -0.37810805 -0.8840552 0.553841 0.821849
1.0390625 0.4140625 0.328125 0.27199534 -0.3420151 -0.89946884 0.514211 0.817769
1.1875 0.484375 0.34375 0.27524093 -0.38533735 -0.88077104 0.527961 0.808598
-1.0390625 0.4140625 0.328125 -0.27199534 -0.3420151 -0.89946884 0.236015 0.817769
-1.171875 0.4375 0.359375 -0.27473792 -0.37810805 -0.8840552 0.196385 0.821849
-1.1875 0.484375 0.34375 -0.27524093 -0.38533735 -0.88077104 0.222265 0.808598
1.234375 0.4453125 0.25 -0.81093884 0.27121875 -0.51847726 0.557599 0.789442
1.1875 0.484375 0.34375 -0.85261106 0.16600753 -0.49547532 0.527961 0.808598
1.2578125 0.4921875 0.2421875 -0.79293007 0.3089338 -0.52518743 0.530079 0.790754
-1.1875 0.484375 0.34375 0.85261106 0.16600753 -0.49547532 0.222265 0.808598
-1.234375 0.4453125 0.25 0.81093884 0.27121875 -0.51847726 0.192627 0.789442
-1.2578125 0.4921875 0.2421875 0.79293007 0.3089338 -0.52518743 0.220147 0.790754
1.234375 0.4453125 0.25 -0.8463917 0.47803974 0.23473208 0.557599 0.789442
1.2109375 0.484375 0.0859375 -0.8188062 0.5210216 0.24102508 0.51862 0.772385
1.1875 0.4453125 0.09375 -0.8096172 0.5343473 0.24288516 0.541117 0.760754
-1.234375 0.4453125 0.25 0.8463917 0.47803974 0.23473208 0.192627 0.789442
-1.2109375 0.484375 0.0859375 0.8188062 0.5210216 0.24102508 0.231606 0.772385
-1.2578125 0.4921875 0.2421875 0.8537656 0.4656903 0.23284516 0.220147 0.790754
1.1875 0.4453125 0.09375 -0.55047333 0.42239806 0.7201105 0.541117 0.760754
1.046875 0.421875 0 -0.56453687 0.12163644 0.8163963 0.498668 0.755033
1.0390625 0.3671875 0 -0.5621402 0.08030575 0.8231339 0.513415 0.736977
-1.1875 0.4453125 0.09375 0.55047333 0.42239806 0.7201105 0.209109 0.760754
-1.046875 0.421875 0 0.56453687 0.12163644 0.8163963 0.251558 0.755033
-1.2109375 0.484375 0.0859375 0.5433054 0.46569034 0.6985355 0.231606 0.772385
1.0390625 0.3671875 0 -0.10110306 0.0024857705 0.9948729 0.513415 0.736977
0.8828125 0.265625 -0.015625 -0.01518766 -0.12917373 0.99150574 0.475471 0.740871
0.8828125 0.2109375 -0.0234375 -0.007070892 -0.14141785 0.98992485 0.47888 0.719593
-1.0390625 0.3671875 0 0.10110306 0.0024857705 0.9948729 0.236811 0.736977
-0.8828125 0.265625 -0.015625 0.01518766 -0.12917373 0.99150574 0.274755 0.740871
-1.046875 0.421875 0 0.10955905 0.015651293 0.9938571 0.251558 0.755033
0.8515625 0.3203125 0.015625 0.13735463 -0.9901992 0.025285508 0.449819 0.743458
0.890625 0.328125 0.109375 0.14808194 -0.98875856 0.020695738 0.45966 0.770459
0.828125 0.3203125 0.078125 0.10460422 -0.9937401 0.03922658 0.445216 0.756351
-0.8515625 0.3203125 0.015625 -0.13735463 -0.9901992 0.025285508 0.300407 0.743458
-0.890625 0.328125 0.109375 -0.14808194 -0.98875856 0.020695738 0.290566 0.770459
-0.9375 0.3359375 0.0625 -0.17377725 -0.98473775 0.009654292 0.282197 0.756171
0.9375 0.3359375 0.0625 0.30848873 -0.9486914 0.069422625 0.468029 0.756171
0.9609375 0.3515625 0.171875 0.34933272 -0.93515605 0.058736708 0.477354 0.785393
0.890625 0.328125 0.109375 0.24610579 -0.96549195 0.08519046 0.45966 0.770459
-0.9375 0.3359375 0.0625 -0.30848873 -0.9486914 0.069422625 0.282197 0.756171
-0.9609375 0.3515625 0.171875 -0.34933272 -0.93515605 0.058736708 0.272872 0.785393
-1 0.3671875 0.125 -0.41344917 -0.90958816 0.041344915 0.263059 0.769899
0.9609375 0.3515625 0.171875 0.3148657 -0.94909364 0.008992999 0.477354 0.785393
1.0546875 0.3828125 0.1875 0.31034958 -0.9498764 0.037655402 0.504617 0.782999
1.015625 0.375 0.234375 0.30094525 -0.9491351 0.09259855 0.496545 0.797122
-1.0546875 0.3828125 0.1875 -0.31034958 -0.9498764 0.037655402 0.245609 0.782999
-0.9609375 0.3515625 0.171875 -0.3148657 -0.94909364 0.008992999 0.272872 0.785393
-1.015625 0.375 0.234375 -0.30094525 -0.9491351 0.09259855 0.253681 0.797122
1.0546875 0.3828125 0.1875 0.17225602 -0.9846855 0.026878318 0.504617 0.782999
1.0859375 0.390625 0.2734375 0.16649474 -0.9856141 0.029057741 0.513713 0.804019
1.015625 0.375 0.234375 0.21035804 -0.97754616 0.012374002 0.496545 0.797122
-1.0546875 0.3828125 0.1875 -0.17225602 -0.9846855 0.026878318 0.245609 0.782999
-1.0859375 0.390625 0.2734375 -0.16649474 -0.9856141 0.029057741 0.236513 0.804019
-1.109375 0.390625 0.2109375 -0.122027256 -0.9914714 0.045760218 0.234089 0.792591
1.0390625 0.4140625 0.328125 0.27926174 -0.90914035 0.30899307 0.514211 0.817769
1.015625 0.375 0.234375 0.36433995 -0.88845736 0.27910557 0.496545 0.797122
1.0859375 0.390625 0.2734375 -0.009915581 -0.922149 0.38670763 0.513713 0.804019
-1.015625 0.375 0.234375 -0.36433995 -0.88845736 0.27910557 0.253681 0.797122
-1.0390625 0.4140625 0.328125 -0.27926174 -0.90914035 0.30899307 0.236015 0.817769
-1.0859375 0.390625 0.2734375 0.009915581 -0.922149 0.38670763 0.236513 0.804019
0.9609375 0.3515625 0.171875 0.40232447 -0.9148593 -0.03416899 0.477354 0.785393
0.953125 0.34375 0.2890625 0.39971635 -0.9159925 -0.03441841 0.490498 0.816075
0.890625 0.3203125 0.234375 0.3786653 -0.9248172 -0.036410127 0.466042 0.804091
-0.9609375 0.3515625 0.171875 -0.40232447 -0.9148593 -0.03416899 0.272872 0.785393
-0.953125 0.34375 0.2890625 -0.39971635 -0.9159925 -0.03441841 0.259728 0.816075
-1.015625 0.375 0.234375 -0.42442125 -0.90489817 -0.032031793 0.253681 0.797122
0.84375 0.3203125 0.171875 0.25717923 -0.96442217 -0.061228372 0.448042 0.783921
0.9609375 0.3515625 0.171875 0.25721797 -0.9645675 -0.05872381 0.477354 0.785393
0.890625 0.3203125 0.234375 0.25298223 -0.9486833 -0.18973666 0.466042 0.804091
-0.84375 0.3203125 0.171875 -0.25717923 -0.96442217 -0.061228372 0.302184 0.783921
-0.9609375 0.3515625 0.171875 -0.25721797 -0.9645675 -0.05872381 0.272872 0.785393
-0.890625 0.328125 0.109375 -0.25698876 -0.96370786 0.07227809 0.290566 0.770459
0.828125 0.3203125 0.078125 0.052570086 -0.99857885 -0.008761681 0.445216 0.756351
0.84375 0.3203125 0.171875 0.07681604 -0.99696314 -0.0128026735 0.448042 0.783921
0.765625 0.3203125 0.09375 0 -1 0 0.438745 0.76496
-0.84375 0.3203125 0.171875 -0.07681604 -0.99696314 -0.0128026735 0.302184 0.783921
-0.828125 0.3203125 0.078125 -0.052570086 -0.99857885 -0.008761681 0.30501 0.756351
-0.765625 0.3203125 0.09375 0 -1 0 0.311481 0.76496
0.8828125 0.265625 -0.015625 -0.37148955 -0.61149234 0.69862205 0.475471 0.740871
0.8515625 0.3203125 0.015625 -0.39900205 -0.616084 0.679145 0.449819 0.743458
0.8125 0.3203125 -0.015625 -0.4870486 -0.6262053 0.6088108 0.456307 0.732687
-0.8828125 0.265625 -0.015625 0.37148955 -0.61149234 0.69862205 0.274755 0.740871
-0.8515625 0.3203125 0.015625 0.39900205 -0.616084 0.679145 0.300407 0.743458
-0.9375 0.3359375 0.0625 0.2981424 -0.5962848 0.745356 0.282197 0.756171
1.046875 0.421875 0 0.61620873 -0.78756994 -0.004543382 0.498668 0.755033
0.9375 0.3359375 0.0625 0.63739586 -0.7682689 0.059073143 0.468029 0.756171
0.8828125 0.265625 -0.015625 0.6693122 -0.7207977 0.18019943 0.475471 0.740871
-0.9375 0.3359375 0.0625 -0.63739586 -0.7682689 0.059073143 0.282197 0.756171
-1.046875 0.421875 0 -0.61620873 -0.78756994 -0.004543382 0.251558 0.755033
-0.8828125 0.265625 -0.015625 -0.6693122 -0.7207977 0.18019943 0.274755 0.740871
1.0546875 0.3828125 0.1875 0.4535148 -0.8685541 -0.19984524 0.504617 0.782999
1.046875 0.421875 0 0.44784427 -0.8714093 -0.20020379 0.498668 0.755033
1.2109375 0.484375 0.0859375 0.4388195 -0.87586236 -0.20075548 0.51862 0.772385
-1.0546875 0.3828125 0.1875 -0.4535148 -0.8685541 -0.19984524 0.245609 0.782999
-1.046875 0.421875 0 -0.44784427 -0.8714093 -0.20020379 0.251558 0.755033
-1 0.3671875 0.125 -0.4723203 -0.8587642 -0.19858922 0.263059 0.769899
1.109375 0.390625 0.2109375 0.39675263 -0.859497 -0.3222612 0.516137 0.792591
1.2109375 0.484375 0.0859375 0.5290499 -0.826962 -0.19036846 0.51862 0.772385
1.2578125 0.4921875 0.2421875 0.57860976 -0.8046292 -0.13335148 0.530079 0.790754
-1.109375 0.390625 0.2109375 -0.39675263 -0.859497 -0.3222612 0.234089 0.792591
-1.2109375 0.484375 0.0859375 -0.5290499 -0.826962 -0.19036846 0.231606 0.772385
-1.0546875 0.3828125 0.1875 -0.29752687 -0.86397225 -0.40623862 0.245609 0.782999
1.1875 0.484375 0.34375 0.5184498 -0.8119658 0.26818186 0.527961 0.808598
1.109375 0.390625 0.2109375 0.546348 -0.8011808 0.24415824 0.516137 0.792591
1.2578125 0.4921875 0.2421875 0.50019646 -0.81824046 0.28334826 0.530079 0.790754
-1.109375 0.390625 0.2109375 -0.546348 -0.8011808 0.24415824 0.234089 0.792591
-1.1875 0.484375 0.34375 -0.5184498 -0.8119658 0.26818186 0.222265 0.808598
-1.2578125 0.4921875 0.2421875 -0.50019646 -0.81824046 0.28334826 0.220147 0.790754
1.0390625 0.4140625 0.328125 0.29796413 -0.757979 0.580246 0.514211 0.817769
1.0859375 0.390625 0.2734375 0.29796413 -0.7579789 0.580246 0.513713 0.804019
1.1875 0.484375 0.34375 0.2979641 -0.7579789 0.5802459 0.527961 0.808598
-1.1875 0.484375 0.34375 -0.2979641 -0.7579789 0.5802459 0.222265 0.808598
-1.0859375 0.390625 0.2734375 -0.29796413 -0.7579789 0.580246 0.236513 0.804019
-1.0390625 0.4140625 0.328125 -0.29796413 -0.757979 0.580246 0.236015 0.817769
1.0390625 0.328125 -0.1015625 0.09298619 0.08707392 -0.9918527 0.568728 0.682132
0.7890625 0.328125 -0.125 0.093072444 0.07576125 -0.99277276 0.574269 0.607668
1.0390625 0.4921875 -0.0859375 0.09292389 0.09439887 -0.99118817 0.61351 0.655816
-0.7890625 0.328125 -0.125 -0.093072444 0.07576125 -0.99277276 0.175957 0.607668
-1.0390625 0.328125 -0.1015625 -0.09298619 0.08707392 -0.9918527 0.181498 0.682132
-1.0390625 0.4921875 -0.0859375 -0.09292389 0.09439887 -0.99118817 0.136716 0.655816
1.28125 0.4296875 0.0546875 0.48346457 -0.08650345 -0.8710794 0.617867 0.719156
1.0390625 0.4921875 -0.0859375 0.5087948 0.036305197 -0.86012197 0.61351 0.655816
1.3125 0.53125 0.0546875 0.46878353 -0.1442411 -0.87145656 0.644031 0.69327
-1.0390625 0.4921875 -0.0859375 -0.5087948 0.036305197 -0.86012197 0.136716 0.655816
-1.28125 0.4296875 0.0546875 -0.48346457 -0.08650345 -0.8710794 0.132359 0.719156
-1.3125 0.53125 0.0546875 -0.46878353 -0.1442411 -0.87145656 0.106195 0.69327
1.28125 0.4296875 0.0546875 0.9273599 -0.28050926 -0.24762501 0.617867 0.719156
1.3671875 0.5 0.296875 0.9299855 -0.26723844 -0.25240952 0.668163 0.712097
1.3515625 0.421875 0.3203125 0.93088955 -0.26241693 -0.2541301 0.683874 0.757011
-1.28125 0.4296875 0.0546875 -0.9273599 -0.28050926 -0.24762501 0.132359 0.719156
-1.3671875 0.5 0.296875 -0.9299855 -0.26723844 -0.25240952 0.082063 0.712097
-1.3125 0.53125 0.0546875 -0.92641485 -0.28505072 -0.24597119 0.106195 0.69327
1.3515625 0.421875 0.3203125 0.8333771 0.021267988 0.5522955 0.683874 0.757011
1.25 0.546875 0.46875 0.8422564 0.04657274 0.5370615 0.676584 0.68601
1.234375 0.421875 0.5078125 0.8464949 0.05951918 0.52905935 0.727131 0.698475
-1.3515625 0.421875 0.3203125 -0.8333771 0.021267988 0.5522955 0.066352 0.757011
-1.25 0.546875 0.46875 -0.8422564 0.04657274 0.5370615 0.073642 0.68601
-1.3671875 0.5 0.296875 -0.826663 0.0034733743 0.5626866 0.082063 0.712097
1.234375 0.421875 0.5078125 -0.22823517 0.27905792 0.93275696 0.727131 0.698475
1.0234375 0.484375 0.4375 -0.23983078 0.2468434 0.9389087 0.667013 0.640198
1.0234375 0.3125 0.4765625 -0.25107056 0.21452229 0.94389814 0.729804 0.62437
-1.234375 0.421875 0.5078125 0.22823517 0.27905792 0.93275696 0.023095 0.698475
-1.0234375 0.484375 0.4375 0.23983078 0.2468434 0.9389087 0.083213 0.640198
-1.25 0.546875 0.46875 0.21456806 0.31566262 0.92429316 0.073642 0.68601
1.0234375 0.3125 0.4765625 -0.44901645 0.13082133 0.8838948 0.729804 0.62437
0.859375 0.3828125 0.3828125 -0.45453438 0.11680328 0.8830377 0.648152 0.594596
0.890625 0.234375 0.40625 -0.4840985 0.036126755 0.8742675 0.721292 0.572934
-1.0234375 0.3125 0.4765625 0.44901645 0.13082133 0.8838948 0.020422 0.62437
-0.859375 0.3828125 0.3828125 0.45453438 0.11680328 0.8830377 0.102074 0.594596
-1.0234375 0.484375 0.4375 0.41958183 0.20116937 0.88514525 0.083213 0.640198
1.0390625 0.4921875 -0.0859375 -0.5420789 0.8402457 -0.011739585 0.61351 0.655816
0.859375 0.3828125 0.3828125 -0.53197277 0.84673774 -0.0063507524 0.648152 0.594596
1.0234375 0.484375 0.4375 -0.5256307 0.85070765 -0.0029933413 0.667013 0.640198
-1.0390625 0.4921875 -0.0859375 0.5420789 0.8402457 -0.011739585 0.136716 0.655816
-0.859375 0.3828125 0.3828125 0.53197277 0.84673774 -0.0063507524 0.102074 0.594596
-0.7890625 0.328125 -0.125 0.54702646 0.83699155 -0.0143954335 0.175957 0.607668
1.0234375 0.484375 0.4375 -0.21566954 0.9755014 -0.043403357 0.667013 0.640198
1.3125 0.53125 0.0546875 -0.17642368 0.9842324 -0.012699617 0.644031 0.69327
1.0390625 0.4921875 -0.0859375 -0.14664616 0.9891345 0.010385706 0.61351 0.655816
-1.3125 0.53125 0.0546875 0.17642368 0.9842324 -0.012699617 0.106195 0.69327
-1.0234375 0.484375 0.4375 0.21566954 0.9755014 -0.043403357 0.083213 0.640198
-1.0390625 0.4921875 -0.0859375 0.14664616 0.9891345 0.010385706 0.136716 0.655816
1.25 0.546875 0.46875 0.40462434 0.9140966 0.02658116 0.676584 0.68601
1.3671875 0.5 0.296875 0.40462434 0.9140966 0.02658116 0.668163 0.712097
1.3125 0.53125 0.0546875 0.40462434 0.9140966 0.02658116 0.644031 0.69327
-1.3125 0.53125 0.0546875 -0.40462434 0.9140966 0.02658116 0.106195 0.69327
-1.3671875 0.5 0.296875 -0.40462434 0.9140966 0.02658116 0.082063 0.712097
-1.25 0.546875 0.46875 -0.40462434 0.9140966 0.02658116 0.073642 0.68601
0.8203125 0.203125 0.328125 -0.7658713 -0.029000945 0.64233965 0.717709 0.538143
0.859375 0.3828125 0.3828125 -0.78780067 -0.016131772 0.61571914 0.648152 0.594596
0.7734375 0.4375 0.265625 -0.80730927 -0.0040980163 0.59011436 0.630034 0.557583
-0.8203125 0.203125 0.328125 0.7658713 -0.029000945 0.64233965 0.032517 0.538143
-0.859375 0.3828125 0.3828125 0.78780067 -0.016131772 0.61571914 0.102074 0.594596
-0.890625 0.234375 0.40625 0.7330108 -0.04717397 0.6785793 0.028934 0.572934
0.7734375 0.4375 0.265625 0.6375607 0.7481121 -0.18396895 0.630034 0.557583
0.7890625 0.328125 -0.125 0.48413423 0.84742415 -0.21791337 0.574269 0.607668
0.640625 0.4296875 -0.0078125 0.419982 0.87814415 -0.22908108 0.526877 0.539235
-0.7890625 0.328125 -0.125 -0.48413423 0.84742415 -0.21791337 0.175957 0.607668
-0.7734375 0.4375 0.265625 -0.6375607 0.7481121 -0.18396895 0.120192 0.557583
-0.640625 0.4296875 -0.0078125 -0.419982 0.87814415 -0.22908108 0.223349 0.539235
0.59375 0.1640625 -0.125 -0.2100943 0.2501123 -0.94514775 0.408153 0.587507
0.7890625 0.328125 -0.125 -0.25882187 0.3081213 -0.91546303 0.574269 0.607668
0.7734375 0.125 -0.140625 -0.06868396 0.08176662 -0.99428207 0.508539 0.641024
-0.7890625 0.328125 -0.125 0.25882187 0.3081213 -0.91546303 0.175957 0.607668
-0.59375 0.1640625 -0.125 0.2100943 0.2501123 -0.94514775 0.342073 0.587507
-0.7734375 0.125 -0.140625 0.06868396 0.08176662 -0.99428207 0.241687 0.641024
0.4375 -0.765625 0.1640625 0.6713447 -0.7144586 -0.19709203 0.833697 0.611927
-0.4375 -0.765625 0.1640625 -0.6713447 -0.7144586 -0.19709203 0.866314 0.897962
0.5 -0.6875 0.09375 0.8325802 -0.4645556 -0.3016595 0.794218 0.611927
-0.5 -0.6875 0.09375 -0.8325802 -0.4645556 -0.3016595 0.866314 0.937441
0.3515625 -0.71875 0.03125 0.42575774 -0.42898318 -0.796683 0.815334 0.662907
-0.3515625 -0.71875 0.03125 -0.42575774 -0.42898318 -0.796683 0.815334 0.916325
0.3515625 -0.78125 0.1328125 0.32649773 -0.8049858 -0.4953759 0.84325 0.634991
-0.3515625 -0.78125 0.1328125 -0.32649773 -0.8049858 -0.4953759 0.84325 0.888409
0.2734375 -0.796875 0.1640625 -0.0649296 -0.8181129 -0.57138044 0.866314 0.644544
-0.2734375 -0.796875 0.1640625 0.0649296 -0.8181129 -0.57138044 0.833697 0.865345
0.203125 -0.7421875 0.09375 -0.27378935 -0.4833565 -0.83150834 0.866314 0.684023
-0.203125 -0.7421875 0.09375 0.27378935 -0.4833565 -0.83150834 0.794218 0.865345
0.078125 -0.65625 0.2421875 -0.7605701 -0.5531419 -0.3399518 0.951006 0.696619
-0.203125 -0.7421875 0.09375 0.78242034 -0.52847683 -0.32944012 0.794218 0.865345
0.140625 -0.7421875 0.2421875 -0.46492702 -0.86343586 -0.19575875 0.917293 0.662907
-0.2734375 -0.796875 0.1640625 0.4767313 -0.8581163 -0.19069251 0.833697 0.865345
0.2734375 -0.796875 0.328125 -0.49834275 -0.8478299 0.18121554 0.898931 0.611927
-0.2734375 -0.796875 0.328125 0.49834275 -0.8478299 0.18121554 0.866314 0.832728
0.15625 -0.6484375 0.4375 -0.7683498 -0.54882133 0.32929277 0.986087 0.611927
-0.140625 -0.7421875 0.2421875 0.7655678 -0.5567766 0.3223443 0.815334 0.814366
0.3515625 -0.6171875 0.515625 -0.2487366 -0.5076257 0.8248918 0.951006 0.527235
-0.203125 -0.7421875 0.390625 0.25598687 -0.531665 0.8073432 0.866314 0.793249
0.3515625 -0.71875 0.453125 -0.101652324 -0.8277404 0.5518269 0.917294 0.560947
-0.2734375 -0.796875 0.328125 0.08213785 -0.79399925 0.6023442 0.866314 0.832728
0.5 -0.6875 0.390625 0.38606003 -0.7445443 0.5446204 0.866314 0.539831
-0.3515625 -0.78125 0.359375 -0.33286193 -0.7846031 0.5230687 0.889378 0.842281
0.546875 -0.578125 0.4375 0.4059141 -0.5014233 0.7640736 0.866314 0.492154
-0.3515625 -0.71875 0.453125 -0.42456698 -0.474516 0.7710886 0.917294 0.814365
0.625 -0.5625 0.2421875 0.8298687 -0.47421065 0.29401064 0.781622 0.527235
-0.5 -0.6875 0.390625 -0.8250748 -0.48079902 0.29678947 0.93841 0.865345
0.5625 -0.671875 0.2421875 0.6617073 -0.7218625 0.20262806 0.815334 0.560948
-0.4375 -0.765625 0.328125 -0.6887994 -0.70047396 0.18679306 0.898931 0.865345
0.4453125 -0.78125 0.3359375 0.78157187 0.5437022 0.30583248 0.866314 0.585461
-0.46875 -0.7578125 0.2421875 -0.839964 0.419982 0.34362158 0.889378 0.888409
0.3515625 -0.8046875 0.375 0.20365328 0.5430754 0.8146131 0.885028 0.593213
-0.4375 -0.765625 0.328125 -0.20739034 0.5184759 0.82956135 0.898931 0.865345
0.265625 -0.8203125 0.3359375 -0.43806288 0.41229445 0.7988205 0.89278 0.611927
-0.3515625 -0.78125 0.359375 0.4056161 0.5070202 0.7605302 0.889378 0.842281
0.2265625 -0.8203125 0.2421875 -0.7861462 0.52409744 0.3275609 0.885028 0.630641
-0.2734375 -0.796875 0.328125 0.86424166 0.3928371 0.3142697 0.866314 0.832728
0.2734375 -0.796875 0.1640625 -0.8519428 0.3975733 -0.34077713 0.866314 0.644544
-0.2734375 -0.796875 0.1640625 0.8519428 0.3975733 -0.34077713 0.833697 0.865345
0.3515625 -0.78125 0.1328125 -0.4056161 0.5070202 -0.7605302 0.84325 0.634991
-0.3515625 -0.78125 0.1328125 0.4056161 0.5070202 -0.7605302 0.84325 0.888409
0.4375 -0.765625 0.1640625 0.20739034 0.5184759 -0.82956135 0.833697 0.611927
-0.4375 -0.765625 0.1640625 -0.20739034 0.5184759 -0.82956135 0.866314 0.897962
0.46875 -0.7578125 0.2421875 0.8297398 0.4148699 -0.37338293 0.84325 0.588863
-0.46875 -0.7578125 0.2421875 -0.8297398 0.4148699 -0.37338293 0.889378 0.888409
0 -0.640625 -0.9453125 0.10540926 -0.52704626 -0.84327406 0.5 0.064527
-0.1796875 -0.5546875 -0.96875 -0.13669164 -0.46475157 -0.8748265 0.479289 0.060503
0.1640625 -0.6328125 -0.9296875 0.1915565 -0.46931338 -0.8620042 0.517028 0.06849
-0.328125 -0.5234375 -0.9453125 -0.23028931 -0.4446966 -0.8655702 0.469543 0.065062
0.265625 -0.6640625 -0.8203125 0.59587955 -0.68100524 -0.42562827 0.526301 0.079422
-0.265625 -0.6640625 -0.8203125 -0.59587955 -0.68100524 -0.42562827 0.473699 0.079422
0.25 -0.6875 -0.703125 0.75633645 -0.6535012 -0.029855387 0.529228 0.091098
-0.25 -0.6875 -0.703125 -0.75633645 -0.6535012 -0.029855387 0.470772 0.091098
0.2109375 -0.7109375 -0.4453125 0.8069292 -0.58661187 0.06893365 0.537536 0.127779
-0.2109375 -0.7109375 -0.4453125 -0.8069292 -0.58661187 0.06893365 0.462464 0.127779
0.4375 -0.53125 -0.140625 0.23337296 -0.5834324 -0.7779099 0.626605 0.208159
-0.4375 -0.53125 -0.140625 -0.23337296 -0.5834324 -0.7779099 0.373395 0.208159
0.6171875 -0.625 0.0546875 0.4177436 -0.7033636 -0.5751261 0.636962 0.261221
-0.4375 -0.53125 -0.140625 -0.35569704 -0.58481723 -0.7290188 0.373395 0.208159
0.828125 -0.4453125 0.1484375 0.6871914 -0.59337276 -0.41913804 0.689501 0.268805
-0.828125 -0.4453125 0.1484375 -0.6871914 -0.59337276 -0.41913804 0.310499 0.268805
0.7421875 -0.65625 0.375 0.55370706 -0.7776508 -0.29777136 0.659507 0.313152
-0.828125 -0.4453125 0.1484375 -0.7028484 -0.59388894 -0.39153567 0.310499 0.268805
0.6875 -0.7265625 0.4140625 0.822669 -0.4395081 0.36062205 0.649107 0.322437
-0.859375 -0.59375 0.4296875 -0.3126936 -0.8859652 0.34247398 0.315483 0.317795
0.4375 -0.796875 0.546875 0.504141 -0.57448626 0.6448315 0.613636 0.353108
-0.7109375 -0.625 0.484375 -0.5090583 -0.5662559 0.6482391 0.328643 0.334694
0.3203125 -0.734375 0.7578125 0.6154575 -0.6154575 0.492366 0.602261 0.395588
-0.3203125 -0.734375 0.7578125 -0.6154575 -0.6154575 0.492366 0.397739 0.395588
0.203125 -0.8515625 0.6171875 -0.037139066 -0.74278134 0.6685032 0.577351 0.373341
-0.3203125 -0.734375 0.7578125 0.04859295 -0.75319076 0.65600485 0.397739 0.395588
0.1015625 -0.84375 0.4296875 -0.7386325 -0.55896515 0.37680238 0.539817 0.354339
-0.15625 -0.7578125 0.71875 0.7103533 -0.6493535 0.27154782 0.418956 0.398468
0 -0.8203125 0.3515625 -0.5773503 -0.5773503 0.5773503 0.5 0.340417
-0.0625 -0.75 0.4921875 0.6013168 -0.6013168 0.52615225 0.467984 0.387365
0.203125 -0.8515625 0.6171875 0.5364082 -0.77968633 -0.32304135 0.577351 0.373341
-0.1640625 -0.7734375 0.4140625 -0.5070232 -0.5902658 -0.6281034 0.440865 0.334326
0.328125 -0.7421875 0.4765625 0.21807548 -0.8561482 -0.46845844 0.59209 0.332885
-0.328125 -0.7421875 0.4765625 -0.21807548 -0.8561482 -0.46845844 0.40791 0.332885
0.3125 -0.8359375 0.640625 -0.10734844 -0.85878754 -0.5009594 0.594178 0.371277
-0.4296875 -0.71875 0.4375 0.034841277 -0.81441486 -0.5792362 0.393837 0.325516
0.4375 -0.796875 0.546875 -0.07701517 -0.81391037 -0.5758634 0.613636 0.353108
-0.6015625 -0.6640625 0.375 0.08990185 -0.6138126 -0.7843162 0.371749 0.311636
0.6875 -0.7265625 0.4140625 0.027885571 -0.50194025 -0.8644527 0.649107 0.322437
-0.640625 -0.6484375 0.296875 -0.054667678 -0.9840181 -0.16946979 0.364449 0.300507
0.7421875 -0.65625 0.375 0.16867459 -0.93473834 -0.3127508 0.659507 0.313152
-0.625 -0.6484375 0.1875 -0.42598453 -0.9026815 -0.060854934 0.368516 0.283889
0.7265625 -0.6015625 0.203125 0.43496794 -0.8820183 -0.18123665 0.655896 0.284413
-0.4921875 -0.671875 0.0625 -0.33516794 -0.924251 -0.18281887 0.388669 0.264411
0.6171875 -0.625 0.0546875 0.32227698 -0.90544486 -0.27623743 0.636962 0.261221
-0.375 -0.703125 0.015625 -0.3578878 -0.8819377 -0.30676097 0.407628 0.254897
0.125 -0.8125 -0.1015625 0.4284112 -0.8911396 0.14944576 0.535885 0.215568
-0.125 -0.8125 -0.1015625 -0.4284112 -0.8911396 0.14944576 0.464115 0.215568
0.1640625 -0.75 0.140625 -0.03165445 -0.9812879 -0.1899267 0.550878 0.277832
-0.1640625 -0.75 0.140625 0.03165445 -0.9812879 -0.1899267 0.449122 0.277832
0 -0.8203125 0.3515625 0.18539649 -0.8485455 -0.4955791 0.5 0.340417
-0.1640625 -0.7734375 0.4140625 -0.68188506 -0.67088693 -0.2914509 0.440865 0.334326
0 -0.8203125 0.3515625 0.26231563 -0.8993678 -0.34975418 0.5 0.340417
0 -0.8203125 0.3515625 -0.26231563 -0.8993678 -0.34975418 0.5 0.340417
0.1328125 -0.7578125 0.2109375 0.058511917 -0.9947026 -0.08451721 0.543637 0.293371
0 -0.7265625 0.046875 0.0066175847 -0.972785 -0.23161545 0.5 0.252445
0 -0.6875 -0.890625 -0.013556908 -0.75918686 -0.6507316 0.5 0.073497
0 -0.6875 -0.890625 0.013556908 -0.75918686 -0.6507316 0.5 0.073497
0.0625 -0.6953125 -0.8828125 0.24042782 -0.80142605 -0.54764116 0.506819 0.075382
-0.0625 -0.6953125 -0.8828125 -0.24042782 -0.80142605 -0.54764116 0.493181 0.075382
0.234375 -0.6328125 -0.9140625 0.3142697 -0.8642416 -0.39283714 0.522612 0.070678
-0.109375 -0.734375 -0.71875 -0.31280816 -0.9351661 -0.16617933 0.487828 0.093457
0.078125 -0.75 -0.4453125 0.28212845 -0.9592368 -0.016381653 0.514257 0.133422
-0.078125 -0.75 -0.4453125 -0.28212845 -0.9592368 -0.016381653 0.485743 0.133422
0.265625 -0.6640625 -0.8203125 0.32725075 -0.9340282 -0.1431722 0.526301 0.079422
-0.265625 -0.6640625 -0.8203125 -0.32725075 -0.9340282 -0.1431722 0.473699 0.079422
0 -0.75 -0.4453125 0 -0.9977852 0.06651902 0.5 0.134352
-0.0859375 -0.7421875 -0.2890625 0.023219176 -0.99842453 0.051082186 0.479774 0.164615
0 -0.75 -0.4453125 0 -0.9977852 -0.06651902 0.5 0.134352
-0.1171875 -0.734375 -0.6875 0.0043385685 -0.9978708 -0.06507853 0.486126 0.097191
0.1171875 -0.734375 -0.6875 0 -1 0 0.513874 0.097191
0 -0.734375 -0.765625 0 -1 0 0.5 0.091346
0.1328125 -0.796875 -0.2265625 0.7826087 0.13043478 -0.6086957 0.521901 0.18156
-0.1328125 -0.796875 -0.2265625 -0.7826087 0.13043478 -0.6086957 0.478099 0.18156
0.1328125 -0.796875 -0.2265625 0.9635179 0.16058631 0.21411507 0.521901 0.18156
-0.1015625 -0.7421875 -0.1484375 -0.9256246 0.28480756 0.24920662 0.476327 0.198817
0.109375 -0.78125 -0.1328125 0.101828985 0.38695014 0.9164609 0.518957 0.194728
0 -0.7421875 -0.140625 -0.06926431 0.42943868 0.9004359 0.5 0.203867
0.0390625 -0.78125 -0.125 -0.6904563 -0.47076565 0.5492266 0.508211 0.197295
0 -0.75 -0.1953125 1 0 0 0.5 0.197278
0.09375 -0.78125 -0.2734375 0.4319342 -0.25916052 -0.8638684 0.517666 0.172353
0 -0.7421875 -0.328125 -0.40711 -0.1791284 -0.895642 0.5 0.157864
0.078125 -0.8046875 -0.25 0.2873479 -0.76626104 -0.5746958 0.513538 0.176949
0 -0.78125 -0.3203125 -0.28734788 -0.76626104 -0.57469577 0.5 0.16517
0 -0.828125 -0.203125 -0.6666667 -0.33333334 0.6666667 0.5 0.186182
0 -0.828125 -0.203125 0.6666667 -0.33333334 0.6666667 0.5 0.186182
0.046875 -0.8125 -0.1484375 0.13476343 -0.57274455 0.8085806 0.508818 0.192407
-0.046875 -0.8125 -0.1484375 -0.13476343 -0.57274455 0.8085806 0.491182 0.192407
0.109375 -0.828125 -0.2265625 0.76388544 -0.57291406 0.29706654 0.516908 0.181873
-0.109375 -0.78125 -0.1328125 -0.7532496 -0.591839 0.28695226 0.481043 0.194728
0.109375 -0.828125 -0.2265625 0.41159663 -0.3086975 -0.8574929 0.516908 0.181873
-0.109375 -0.828125 -0.2265625 -0.41159663 -0.3086975 -0.8574929 0.483092 0.181873
0.09375 -0.8125 -0.15625 0.037450295 -0.9737077 0.22470176 0.515232 0.190709
0 -0.828125 -0.203125 -0.050216682 -0.9708559 0.23434453 0.5 0.186182
0 -0.8046875 -0.2890625 0.1304348 -0.9565218 -0.2608696 0.5 0.171718
0 -0.8046875 -0.2890625 -0.1304348 -0.9565218 -0.2608696 0.5 0.171718
0.1015625 -0.7421875 -0.1484375 -0.06311944 -0.568075 -0.8205527 0.523673 0.198817
-0.1015625 -0.7421875 -0.1484375 0.06311944 -0.568075 -0.8205527 0.476327 0.198817
0.125 -0.75 -0.2265625 0.73246706 -0.6197798 0.2817181 0.530258 0.180239
-0.125 -0.75 -0.2265625 -0.73246706 -0.6197798 0.2817181 0.469742 0.180239
0.1796875 -0.7109375 -0.3125 0.33191356 -0.9404218 0.07375857 0.541327 0.154899
-0.125 -0.75 -0.2265625 -0.54598606 -0.7184027 -0.4310416 0.469742 0.180239
0.2109375 -0.7109375 -0.4453125 0.28154647 -0.9572581 0.066246234 0.537536 0.127779
-0.0859375 -0.7421875 -0.2890625 -0.3230722 -0.945862 0.03113949 0.479774 0.164615
0.1796875 -0.7109375 -0.3125 0.8752544 -0.4376272 0.20594223 0.541327 0.154899
-0.3125 -0.5703125 -0.4375 -0.7356951 -0.5530575 0.39099878 0.434353 0.115495
0.1640625 -0.7109375 -0.2421875 0.89730096 -0.39381543 0.19940022 0.544209 0.172814
-0.2578125 -0.5546875 -0.3125 -0.8479983 -0.42399916 0.3179994 0.421339 0.139176
0.125 -0.8125 -0.1015625 0.9586452 -0.27674514 0.066418834 0.535885 0.215568
-0.125 -0.8125 -0.1015625 -0.9586452 -0.27674514 0.066418834 0.464115 0.215568
0 -0.71875 -0.7734375 0.25242645 -0.43273106 -0.8654621 0.5 0.089977
-0.109375 -0.734375 -0.71875 -0.1783315 -0.8916575 -0.41610682 0.487828 0.093457
0.109375 -0.734375 -0.71875 -0.17511252 -0.9631189 -0.20429793 0.512172 0.093457
-0.109375 -0.734375 -0.71875 0.17511252 -0.9631189 -0.20429793 0.487828 0.093457
0.1171875 -0.7109375 -0.8359375 -0.121942155 -0.97553724 -0.18291321 0.511782 0.080633
-0.1171875 -0.7109375 -0.8359375 0.121942155 -0.97553724 -0.18291321 0.488218 0.080633
0.0625 -0.6953125 -0.8828125 -0.15617378 -0.93704265 0.31234756 0.506819 0.075382
-0.0625 -0.6953125 -0.8828125 0.15617378 -0.93704265 0.31234756 0.493181 0.075382
0.046875 -0.6328125 -0.8515625 -0.15823504 -0.27126008 0.94941026 0.503445 0.08084
0 -0.6875 -0.875 0.15823504 -0.27126008 0.94941026 0.5 0.075473
0.09375 -0.7109375 -0.8203125 -0.7238424 -0.076193936 0.6857454 0.509713 0.082236
-0.09375 -0.7109375 -0.8203125 0.7238424 -0.076193936 0.6857454 0.490287 0.082236
0.09375 -0.7265625 -0.7421875 -1 0 0 0.509911 0.090724
-0.09375 -0.7265625 -0.7421875 1 0 0 0.490089 0.090724
0 -0.65625 -0.78125 0.30514118 -0.11811917 -0.9449534 0.5 0.085637
-0.09375 -0.7265625 -0.7421875 -0.30514118 -0.11811917 -0.9449534 0.490089 0.090724
0 -0.6328125 -0.859375 0.047836494 -0.95672977 -0.28701892 0.5 0.08032
0 -0.6328125 -0.859375 -0.047836494 -0.95672977 -0.28701892 0.5 0.08032
0.1640625 -0.75 0.140625 -0.54882133 -0.7683498 -0.3292928 0.550878 0.277832
-0.1640625 -0.75 0.140625 0.54882133 -0.7683498 -0.3292928 0.449122 0.277832
0.1328125 -0.7578125 0.2109375 -0.4944805 -0.8618089 -0.11302411 0.543637 0.293371
-0.1328125 -0.7578125 0.2109375 0.4944805 -0.8618089 -0.11302411 0.456363 0.293371
0.1796875 -0.78125 0.296875 -0.25949964 -0.9601487 0.10379986 0.56318 0.307151
-0.1640625 -0.7734375 0.4140625 0.17171557 -0.98510516 -0.009037661 0.440865 0.334326
0.2265625 -0.78125 0.109375 -0.6684096 -0.5848584 -0.4595316 0.569243 0.278245
-0.1640625 -0.75 0.140625 0.4332243 -0.7581426 -0.48737735 0.449122 0.277832
0.375 -0.703125 0.015625 -0.1156166 -0.7630695 -0.63589126 0.592372 0.254897
-0.375 -0.703125 0.015625 0.1156166 -0.7630695 -0.63589126 0.407628 0.254897
0.4921875 -0.671875 0.0625 0.42418158 -0.65899634 -0.621123 0.611331 0.264411
-0.4921875 -0.671875 0.0625 -0.42418158 -0.65899634 -0.621123 0.388669 0.264411
0.625 -0.6484375 0.1875 0.4766541 -0.8039092 -0.355712 0.631484 0.283889
-0.625 -0.6484375 0.1875 -0.4766541 -0.8039092 -0.355712 0.368516 0.283889
0.640625 -0.6484375 0.296875 0.5870963 -0.80516064 -0.083870895 0.635551 0.300507
-0.640625 -0.6484375 0.296875 -0.5870963 -0.80516064 -0.083870895 0.364449 0.300507
0.5625 -0.6953125 0.3515625 0.5773503 -0.8082905 0.11547007 0.615871 0.307438
-0.640625 -0.6484375 0.296875 -0.5656854 -0.81589246 0.11966422 0.364449 0.300507
0.421875 -0.7734375 0.3984375 0.5213825 -0.5440513 0.6573953 0.598424 0.313725
-0.6015625 -0.6640625 0.375 -0.40824834 -0.8164967 0.40824834 0.371749 0.311636
0.328125 -0.7421875 0.4765625 0.33576906 -0.8753979 0.34776083 0.59209 0.332885
-0.328125 -0.7421875 0.4765625 -0.33576906 -0.8753979 0.34776083 0.40791 0.332885
0.25 -0.7578125 0.46875 0.14517167 -0.91458154 0.37744635 0.579057 0.335646
-0.25 -0.7578125 0.46875 -0.14517167 -0.91458154 0.37744635 0.420943 0.335646
0.1640625 -0.7734375 0.4140625 0.030079817 -0.9725808 0.23061195 0.559135 0.334326
-0.1640625 -0.7734375 0.4140625 -0.030079817 -0.9725808 0.23061195 0.440865 0.334326
0.2109375 -0.78125 0.375 0.44754943 -0.76083404 -0.46992686 0.570458 0.318697
-0.2109375 -0.78125 0.375 -0.44754943 -0.76083404 -0.46992686 0.429542 0.318697
0.2734375 -0.7734375 0.421875 0.26270536 -0.9382334 -0.225176 0.58213 0.320991
-0.2734375 -0.7734375 0.421875 -0.26270536 -0.9382334 -0.225176 0.41787 0.320991
0.3359375 -0.75 0.40625 -0.06311944 -0.94679165 -0.3155972 0.589656 0.312336
-0.421875 -0.7734375 0.3984375 0.37659454 -0.40349415 -0.83388793 0.401576 0.313725
0.4140625 -0.75 0.390625 -0.20157395 -0.3695522 -0.90708274 0.596347 0.309249
-0.5625 -0.6953125 0.3515625 -0.0823387 -0.61754024 -0.7822176 0.384129 0.307438
0.5625 -0.6953125 0.3515625 -0.33562434 -0.91098034 -0.23973168 0.615871 0.307438
-0.5625 -0.6953125 0.3515625 0.33562434 -0.91098034 -0.23973168 0.384129 0.307438
0.5546875 -0.671875 0.28125 -0.45675865 -0.8881418 0.05075096 0.607735 0.29752
-0.578125 -0.6796875 0.1953125 0.26918104 -0.9613608 -0.05768165 0.38289 0.287175
0.578125 -0.6796875 0.1953125 -0.024676323 -0.9130239 0.40715927 0.61711 0.287175
-0.578125 -0.6796875 0.1953125 0.024676323 -0.9130239 0.40715927 0.38289 0.287175
0.4609375 -0.703125 0.1171875 -0.04867924 -0.7301886 0.6815093 0.598275 0.283083
-0.375 -0.7421875 0.0625 0.02132977 -0.831861 0.554574 0.410086 0.271772
0.375 -0.7265625 0.0859375 0.33782253 -0.783134 0.5220893 0.589866 0.280167
-0.2265625 -0.78125 0.109375 -0.37779242 -0.67462933 0.6341515 0.430757 0.278245
0.2265625 -0.78125 0.109375 0.4987838 -0.6858277 0.5299578 0.569243 0.278245
-0.2265625 -0.78125 0.109375 -0.4987838 -0.6858277 0.5299578 0.430757 0.278245
0.1796875 -0.78125 0.296875 0.7894737 -0.5263158 -0.31578946 0.56318 0.307151
-0.1796875 -0.78125 0.296875 -0.7894737 -0.5263158 -0.31578946 0.43682 0.307151
0.171875 -0.78125 0.21875 0.8069701 -0.5850534 -0.080697015 0.55919 0.294882
-0.171875 -0.78125 0.21875 -0.8069701 -0.5850534 -0.080697015 0.44081 0.294882
0.1875 -0.7734375 0.15625 0.7867958 -0.60522753 0.12104551 0.562361 0.284338
-0.1875 -0.7734375 0.15625 -0.7867958 -0.60522753 0.12104551 0.437639 0.284338
0.0625 -0.75 0.4921875 -0.63570726 0.36326128 0.6811149 0.532016 0.387365
-0.0625 -0.75 0.4921875 0.63570726 0.36326128 0.6811149 0.467984 0.387365
0.15625 -0.7578125 0.71875 -0.8506798 0.37826347 0.365049 0.581044 0.398468
-0.15625 -0.7578125 0.71875 0.8506798 0.37826347 0.365049 0.418956 0.398468
0.3359375 -0.59375 0.6875 -0.21971563 0.45570648 0.8625872 0.622301 0.417889
-0.15625 -0.7578125 0.71875 0.26635176 0.4127252 0.87104225 0.418956 0.398468
0.484375 -0.5546875 0.5546875 0.591352 0.29910082 0.7488936 0.666214 0.388954
-0.3203125 -0.734375 0.7578125 -0.5932461 0.3063166 0.7444657 0.397739 0.395588
0.6796875 -0.4921875 0.453125 0.36530763 0.29379237 0.88330996 0.701481 0.344467
-0.4921875 -0.6875 0.6015625 -0.3714273 0.32836327 0.86845803 0.363225 0.370732
0.859375 -0.59375 0.4296875 0.2760493 0.2915287 0.9158645 0.684517 0.317795
-0.859375 -0.59375 0.4296875 -0.2760493 0.2915287 0.9158645 0.315483 0.317795
0.7734375 -0.375 0.1640625 0.79644686 0.5900586 0.13230015 0.704305 0.260225
-0.859375 -0.59375 0.4296875 -0.88728255 0.4412432 0.13429141 0.315483 0.317795
0.6328125 -0.5390625 -0.0390625 0.5441568 0.37116867 -0.7524144 0.650908 0.240294
-0.6328125 -0.5390625 -0.0390625 -0.5441568 0.37116867 -0.7524144 0.349092 0.240294
0.4375 -0.53125 -0.140625 0.4027386 0.54918903 -0.73225206 0.626605 0.208159
-0.4375 -0.53125 -0.140625 -0.4027386 0.54918903 -0.73225206 0.373395 0.208159
0.1796875 -0.2578125 -0.4140625 0.16490857 0.7289437 -0.6644142 0.635753 0.082198
0 -0.3203125 -0.5703125 -0.36167794 0.84873754 -0.3857898 0.396447 0.023452
0.125 -0.359375 -0.5390625 0.30110767 0.9535076 -0.012546153 0.598617 0.056841
0 -0.34375 -0.8046875 -0.19518004 0.9759002 -0.09759002 0.453219 0.009442
0.140625 -0.3671875 -0.7578125 0.2562453 0.9151618 -0.311155 0.556354 0.040906
0 -0.4609375 -0.9765625 0.010729609 0.82617986 -0.5633045 0.5 0.033223
0 -0.578125 -0.984375 0.07785054 0.06631713 -0.99475694 0.5 0.054411
0 -0.578125 -0.984375 -0.07785054 0.06631713 -0.99475694 0.5 0.054411
0.1796875 -0.5546875 -0.96875 0.109449886 0.20894979 -0.9717823 0.520711 0.060503
-0.1796875 -0.5546875 -0.96875 -0.109449886 0.20894979 -0.9717823 0.479289 0.060503
0.328125 -0.5234375 -0.9453125 0.81504416 0.14052485 -0.5620994 0.530457 0.065062
-0.328125 -0.5234375 -0.9453125 -0.81504416 0.14052485 -0.5620994 0.469543 0.065062
0.3671875 -0.53125 -0.890625 0.93584806 0.32358137 0.13958411 0.532878 0.067822
-0.3671875 -0.53125 -0.890625 -0.93584806 0.32358137 0.13958411 0.467122 0.067822
0.140625 -0.3671875 -0.7578125 0.11319504 0.9931953 -0.027385898 0.556354 0.040906
-0.140625 -0.3671875 -0.7578125 -0.11319504 0.9931953 -0.027385898 0.443646 0.040906
0.1640625 -0.4375 -0.9453125 -0.14968342 0.91948384 -0.36351684 0.527159 0.049514
-0.2890625 -0.3828125 -0.7109375 -0.121066295 0.9912303 -0.052966505 0.441501 0.065137
0.125 -0.359375 -0.5390625 0.37057644 0.6348635 -0.67795384 0.598617 0.056841
-0.234375 -0.40625 -0.3515625 -0.9093759 0.39274496 0.13706535 0.392761 0.11394
0.3515625 -0.5703125 -0.6953125 0.91925955 0.36818826 0.13928176 0.544695 0.083023
-0.3515625 -0.5703125 -0.6953125 -0.91925955 0.36818826 0.13928176 0.455305 0.083023
0.2109375 -0.46875 -0.2265625 0.9456936 0.18502702 0.26726124 0.605467 0.151503
-0.2578125 -0.5546875 -0.3125 -0.91728586 0.20065628 0.3439822 0.421339 0.139176
0.21875 -0.4296875 -0.28125 0.93371344 0.22145769 0.2813111 0.612663 0.133675
-0.3125 -0.5703125 -0.4375 -0.90040493 0.23800513 0.36417654 0.434353 0.115495
0.2109375 -0.46875 -0.2265625 0.9501479 0.19216475 0.24554382 0.605467 0.151503
-0.203125 -0.5625 -0.1875 -0.8945093 -0.10842537 0.4337015 0.413084 0.172042
0.4375 -0.46875 -0.09375 0.18349712 0.58981216 -0.7864162 0.640497 0.198841
-0.203125 -0.5625 -0.1875 -0.1596174 0.23942609 -0.95770437 0.413084 0.172042
0.34375 0.5390625 -0.1484375 0.37268546 0.7966325 -0.4759014 0.823287 0.101559
0 0.828125 0.0703125 -0.36927655 0.8010124 -0.47118375 0.077626 0.064228
0.296875 0.265625 -0.3125 0.32627016 0.4445879 -0.83419985 0.765863 0.087001
0 0.671875 -0.1953125 -0.2985938 0.48213312 -0.82364404 0.138658 0.02723
0.296875 0.265625 -0.3125 0.26196843 0.12167459 -0.9573756 0.765863 0.087001
-0.296875 0.265625 -0.3125 -0.26196843 0.12167459 -0.9573756 0.234137 0.087001
0.2109375 -0.1640625 -0.390625 0.2996288 0.1361949 -0.9442847 0.661952 0.087561
-0.2109375 -0.1640625 -0.390625 -0.2996288 0.1361949 -0.9442847 0.338048 0.087561
0.2109375 -0.1640625 -0.390625 0.8641914 -0.16963758 -0.47370493 0.661952 0.087561
-0.234375 -0.40625 -0.3515625 -0.830482 0.44631344 0.3333227 0.392761 0.11394
0.6015625 -0.4140625 0 0.6868954 -0.3520879 -0.63577425 0.672947 0.22488
-0.6015625 -0.4140625 0 -0.6868954 -0.3520879 -0.63577425 0.327053 0.22488
0.3359375 0.6640625 0.0546875 0.41890255 0.8793254 -0.22651158 0.859647 0.117994
0 0.8515625 0.5625 -0.29502672 0.95440763 -0.04544798 0.012367 0.154243
0.453125 0.0703125 0.9296875 0.111917816 -0.24681495 0.9625783 0.881169 0.309153
0 -0.2890625 0.8984375 -0.12718827 -0.22603375 0.96578056 0.100193 0.420886
0.453125 0.0703125 0.9296875 0.12083531 0.19467911 0.9733955 0.881169 0.309153
-0.453125 0.0703125 0.9296875 -0.12083531 0.19467911 0.9733955 0.118831 0.309153
0.453125 0.3828125 0.8671875 0.3139982 0.75845194 0.5711006 0.903302 0.261367
-0.453125 0.3828125 0.8671875 -0.3139982 0.75845194 0.5711006 0.096698 0.261367
0.796875 -0.4609375 0.40625 0.32305112 0.18171625 0.9287719 0.712163 0.315527
-0.796875 -0.4609375 0.40625 -0.32305112 0.18171625 0.9287719 0.287837 0.315527
0.7265625 -0.3359375 0.40625 0.045220323 -0.60430795 0.79546666 0.744725 0.304629
-0.7265625 -0.3359375 0.40625 -0.045220323 -0.60430795 0.79546666 0.255275 0.304629
0.796875 -0.125 0.5625 0.614433 -0.17377903 0.7695928 0.793427 0.280495
-0.796875 -0.125 0.5625 -0.614433 -0.17377903 0.7695928 0.206573 0.280495
0.796875 0.1171875 0.6171875 0.6934513 0.22119659 0.6857094 0.82362 0.254612
-0.796875 0.1171875 0.6171875 -0.6934513 0.22119659 0.6857094 0.17638 0.254612
0.640625 0.4453125 0.6796875 0.63040936 0.73432297 0.2517019 0.868309 0.233525
-0.7734375 0.4375 0.265625 -0.71044266 0.69041675 0.13636684 0.186501 0.190705
0.453125 0.3828125 0.8671875 0.31790975 0.7573733 0.5703675 0.903302 0.261367
-0.453125 0.3828125 0.8671875 -0.31790975 0.7573733 0.5703675 0.096698 0.261367
0.453125 0.0703125 0.9296875 0.6289424 0.15247086 0.7623544 0.881169 0.309153
-0.453125 0.0703125 0.9296875 -0.6289424 0.15247086 0.7623544 0.118831 0.309153
0.453125 -0.234375 0.8515625 0.7088277 -0.17519942 0.6832777 0.844317 0.34737
-0.453125 -0.234375 0.8515625 -0.7088277 -0.17519942 0.6832777 0.155683 0.34737
0.4609375 -0.4296875 0.5234375 0.68853146 -0.615842 0.38296622 0.772263 0.37401
-0.4609375 -0.4296875 0.5234375 -0.68853146 -0.615842 0.38296622 0.227737 0.37401
0.6328125 -0.28125 0.453125 0.32379025 0.07195339 0.94338894 0.766113 0.319494
-0.484375 -0.5546875 0.5546875 -0.36692715 0.28978905 0.88396084 0.255481 0.390057
0.453125 -0.234375 0.8515625 0.15481678 -0.8473081 0.50803614 0.844317 0.34737
0 -0.5703125 0.5703125 -0.28543034 -0.7276711 0.62371814 0.175235 0.470987
0.3359375 -0.59375 0.6875 -0.17817417 0.9799579 0.089087084 0.726855 0.432574
-0.109375 -0.609375 0.4609375 0.17023328 0.9792801 0.10968639 0.207859 0.464714
0.484375 -0.5546875 0.5546875 -0.26384568 0.18709058 0.94624656 0.744519 0.390057
-0.484375 -0.5546875 0.5546875 0.26384568 0.18709058 0.94624656 0.255481 0.390057
0.8515625 -0.0546875 0.234375 0.9339512 -0.27729058 0.22548904 0.76641 0.233065
-0.796875 -0.4609375 0.40625 -0.86809653 0.48830426 0.08925992 0.287837 0.315527
0.859375 0.046875 0.3203125 0.9758066 -0.18003252 0.124056034 0.786137 0.227788
-0.859375 0.046875 0.3203125 -0.9758066 -0.18003252 0.124056034 0.213863 0.227788
0.8203125 0.203125 0.328125 0.96128124 0.2329603 0.1472002 0.80295 0.203415
-0.8203125 0.203125 0.328125 -0.96128124 0.2329603 0.1472002 0.19705 0.203415
0.796875 0.1171875 0.6171875 0.9955895 0.02880201 0.08928623 0.82362 0.254612
-0.7734375 0.4375 0.265625 -0.9816547 0.18823482 -0.030360455 0.186501 0.190705
0.4296875 0.2109375 -0.1953125 0.6374072 -0.091466494 -0.7650792 0.769334 0.128771
-0.2109375 -0.1640625 -0.390625 -0.74664503 -0.028490406 -0.66461235 0.338048 0.087561
0.4296875 0.2109375 -0.1953125 0.3720037 -0.0845463 -0.92437285 0.769334 0.128771
-0.734375 -0.0703125 -0.046875 -0.37226757 -0.084722966 -0.9242505 0.256408 0.198572
0.4375 -0.46875 -0.09375 0.5281225 -0.1522346 -0.83541083 0.640497 0.198841
-0.4375 -0.46875 -0.09375 -0.5281225 -0.1522346 -0.83541083 0.359503 0.198841
0.2109375 -0.46875 -0.2265625 0.30701733 -0.7946331 -0.52373546 0.605467 0.151503
-0.2109375 -0.46875 -0.2265625 -0.30701733 -0.7946331 -0.52373546 0.394533 0.151503
0.484375 0.546875 0.0234375 0.5236076 0.78587484 -0.3289924 0.830917 0.139518
-0.7734375 0.4375 0.265625 -0.58806366 0.7482819 -0.3070104 0.186501 0.190705
0.484375 0.546875 0.0234375 0.5396378 0.77268493 -0.33428892 0.830917 0.139518
-0.4609375 0.703125 0.4375 -0.46935374 0.8497773 -0.23997034 0.110522 0.177602
0.484375 0.546875 0.0234375 0.21436158 0.50824434 -0.83410853 0.830917 0.139518
-0.59375 0.1640625 -0.125 -0.4462593 0.29412544 -0.8451881 0.219887 0.169386
0.484375 0.546875 0.0234375 0.7365212 0.28080872 -0.61537224 0.830917 0.139518
-0.296875 0.265625 -0.3125 -0.69734085 0.27706847 -0.661021 0.234137 0.087001
0.921875 0.21875 0.359375 0.32444286 -0.81110716 0.4866643 0.477326 0.891852
-1.0234375 0.3125 0.4765625 -0.36909834 -0.8844432 0.2855289 0.175598 0.959188
1.015625 0.2890625 0.4140625 0.46486598 -0.8465455 0.25934628 0.545439 0.884582
-1.015625 0.2890625 0.4140625 -0.46486598 -0.8465455 0.25934628 0.204787 0.884582
1.265625 0.40625 0.2890625 0.18165934 -0.9833299 -0.007898232 0.60536 0.78441
-1.234375 0.421875 0.5078125 -0.3188384 -0.92662406 0.19927399 0.034332 0.897069
1.2109375 0.40625 0.078125 0.2924779 -0.95326126 -0.075827606 0.574835 0.744212
-1.3515625 0.421875 0.3203125 -0.20761356 -0.97463024 -0.08362212 0.066352 0.757011
1.03125 0.3046875 -0.0390625 0.58470505 -0.78091484 -0.21975493 0.534996 0.712528
-1.28125 0.4296875 0.0546875 -0.3397551 -0.9369005 0.08236488 0.132359 0.719156
1.03125 0.3046875 -0.0390625 0.6508971 -0.7339904 -0.19388425 0.534996 0.712528
-1.03125 0.3046875 -0.0390625 -0.6508971 -0.7339904 -0.19388425 0.21523 0.712528
1.0390625 0.3671875 0 0.40749064 -0.5200867 0.7506407 0.513415 0.736977
-1.0390625 0.3671875 0 -0.40749064 -0.5200867 0.7506407 0.236811 0.736977
1.1875 0.4453125 0.09375 -0.2654835 -0.49114445 0.82963586 0.541117 0.760754
-1.1875 0.4453125 0.09375 0.2654835 -0.49114445 0.82963586 0.209109 0.760754
1.1875 0.4453125 0.09375 -0.78850234 -0.56772166 0.23655069 0.541117 0.760754
-1.265625 0.40625 0.2890625 0.85761404 -0.46374685 0.22234438 0.144866 0.78441
1.234375 0.4453125 0.25 -0.52417654 -0.7741684 -0.35482717 0.557599 0.789442
-1.1875 0.390625 0.4375 0.52567315 -0.7717329 -0.35790512 0.145092 0.846978
1.171875 0.4375 0.359375 0.43897614 -0.7290139 -0.5252036 0.553841 0.821849
-1.015625 0.2890625 0.4140625 -0.46631014 -0.6508912 -0.59907895 0.204787 0.884582
0.921875 0.21875 0.359375 0.6888023 -0.57400197 -0.4428015 0.477326 0.891852
-0.921875 0.21875 0.359375 -0.6888023 -0.57400197 -0.4428015 0.2729 0.891852
0.71875 0.171875 -0.0234375 0.6302015 -0.1282387 -0.7657683 0.78615 0.181127
-0.734375 -0.0703125 -0.046875 -0.7507172 0.24606842 -0.6130857 0.256408 0.198572
0.828125 0.1328125 -0.0703125 -0.21752098 -0.93701345 0.27329558 0.483006 0.686791
-0.59375 0.1640625 -0.125 0.17880778 -0.93945044 0.29233652 0.342073 0.587507
0.734375 -0.0703125 -0.046875 0.9045597 0.17920522 -0.38685572 0.743592 0.198572
-0.734375 -0.0703125 -0.046875 -0.9045597 0.17920522 -0.38685572 0.256408 0.198572
0.84375 0.2109375 0.2890625 0.17817417 -0.9799579 -0.089087084 0.414155 0.878318
-0.84375 0.2109375 0.2890625 -0.17817417 -0.9799579 -0.089087084 0.336071 0.878318
0.8828125 0.2109375 -0.0234375 -0.23351589 -0.37485448 0.8971926 0.47888 0.719593
-0.8828125 0.2109375 -0.0234375 0.23351589 -0.37485448 0.8971926 0.271346 0.719593
0.71875 0.171875 -0.0234375 0.7177406 -0.67552054 0.16888013 0.40961 0.674022
-0.84375 0.2734375 0.015625 -0.44795468 -0.77373993 -0.44795468 0.320501 0.728622
0.71875 0.1875 0.0390625 0.5312708 -0.61337626 0.5843979 0.392812 0.710774
-0.71875 0.1875 0.0390625 -0.5312708 -0.61337626 0.5843979 0.357414 0.710774
0.71875 0.1875 0.0390625 0.90078163 -0.15013027 -0.40749645 0.392812 0.710774
-0.8359375 0.2734375 0.171875 -0.5533716 -0.62254304 -0.5533716 0.322507 0.796173
0.8359375 0.2734375 0.171875 0.5815153 -0.6242738 -0.5216534 0.427719 0.796173
-0.84375 0.2109375 0.2890625 -0.57238394 -0.7582229 -0.31220943 0.336071 0.878318
0.890625 0.265625 0.2421875 0.61375403 -0.7464575 -0.25711316 0.448277 0.830976
-0.921875 0.21875 0.359375 -0.5596814 -0.61692154 -0.55332136 0.2729 0.891852
0.84375 0.2109375 0.2890625 0.17124902 -0.98078984 -0.093408555 0.80258 0.199758
-0.859375 0.046875 0.3203125 -0.9551076 0.24695931 -0.16364774 0.213863 0.227788
0.71875 0.1875 0.0390625 0.8716733 0.206296 -0.44455335 0.789609 0.184671
-0.859375 0.046875 0.3203125 -0.92271215 0.082546555 -0.37654796 0.213863 0.227788
0.890625 0.265625 0.2421875 0.7661046 -0.09089377 -0.6362564 0.448277 0.830976
-0.890625 0.265625 0.2421875 -0.7661046 -0.09089377 -0.6362564 0.301949 0.830976
0.84375 0.3203125 0.171875 0.79298234 -0.13216372 -0.59473675 0.448042 0.783921
-0.890625 0.265625 0.2421875 -0.7814988 -0.08823374 -0.61763614 0.301949 0.830976
0.7578125 0.2734375 0.09375 0.7022469 -0.117041156 -0.7022469 0.422979 0.754609
-0.7578125 0.2734375 0.09375 -0.7022469 -0.117041156 -0.7022469 0.327247 0.754609
0.828125 0.3203125 0.078125 0.24077173 0.12038586 0.9630869 0.445216 0.756351
-0.7578125 0.2734375 0.09375 -0.12400825 -0.020668043 0.992066 0.327247 0.754609
0.8515625 0.3203125 0.015625 0.9251321 -0.15418868 0.3469245 0.449819 0.743458
-0.8203125 0.2734375 0.0859375 -0.9434564 -0.10482849 0.31448546 0.317586 0.746527
0.8125 0.2734375 -0.015625 0.7071068 0 -0.7071068 0.44363 0.713731
-0.8125 0.2734375 -0.015625 -0.7071068 0 -0.7071068 0.306596 0.713731
0.8828125 0.2109375 -0.0234375 -0.015711546 -0.14140391 0.9898274 0.47888 0.719593
-0.8828125 0.2109375 -0.0234375 0.015711546 -0.14140391 0.9898274 0.271346 0.719593
0.9453125 0.2890625 0.3046875 0.62657213 -0.2955529 -0.7211491 0.485193 0.845321
-0.9453125 0.2890625 0.3046875 -0.62657213 -0.2955529 -0.7211491 0.265033 0.845321
1.0234375 0.359375 0.34375 0.27144465 -0.33531398 -0.90215427 0.524671 0.84238
-1.0234375 0.359375 0.34375 -0.27144465 -0.33531398 -0.90215427 0.225555 0.84238
1.171875 0.4375 0.359375 -0.86512524 0.1266037 -0.48531416 0.553841 0.821849
-1.171875 0.4375 0.359375 0.86512524 0.1266037 -0.48531416 0.196385 0.821849
1.2578125 0.4921875 0.2421875 -0.8537656 0.4656903 0.23284516 0.530079 0.790754
-1.1875 0.4453125 0.09375 0.8096172 0.5343473 0.24288516 0.209109 0.760754
1.2109375 0.484375 0.0859375 -0.5433054 0.46569034 0.6985355 0.51862 0.772385
-1.0390625 0.3671875 0 0.5621402 0.08030575 0.8231339 0.236811 0.736977
1.046875 0.421875 0 -0.10955905 0.015651293 0.9938571 0.498668 0.755033
-0.8828125 0.2109375 -0.0234375 0.007070892 -0.14141785 0.98992485 0.271346 0.719593
0.9375 0.3359375 0.0625 0.17377725 -0.98473775 0.009654292 0.468029 0.756171
-0.828125 0.3203125 0.078125 -0.10460422 -0.9937401 0.03922658 0.30501 0.756351
1 0.3671875 0.125 0.41344917 -0.90958816 0.041344915 0.487167 0.769899
-0.890625 0.328125 0.109375 -0.24610579 -0.96549195 0.08519046 0.290566 0.770459
1 0.3671875 0.125 0.3228001 -0.9453432 -0.0461143 0.487167 0.769899
-1 0.3671875 0.125 -0.3228001 -0.9453432 -0.0461143 0.263059 0.769899
1.109375 0.390625 0.2109375 0.122027256 -0.9914714 0.045760218 0.516137 0.792591
-1.015625 0.375 0.234375 -0.21035804 -0.97754616 0.012374002 0.253681 0.797122
0.953125 0.34375 0.2890625 0.56788075 -0.80050665 0.19157425 0.490498 0.816075
-0.953125 0.34375 0.2890625 -0.56788075 -0.80050665 0.19157425 0.259728 0.816075
1.015625 0.375 0.234375 0.42442125 -0.90489817 -0.032031793 0.496545 0.797122
-0.890625 0.3203125 0.234375 -0.3786653 -0.9248172 -0.036410127 0.284184 0.804091
0.890625 0.328125 0.109375 0.25698876 -0.96370786 0.07227809 0.45966 0.770459
-0.890625 0.3203125 0.234375 -0.25298223 -0.9486833 -0.18973666 0.284184 0.804091
0.890625 0.328125 0.109375 0.13507897 -0.99057907 -0.02251316 0.45966 0.770459
-0.890625 0.328125 0.109375 -0.13507897 -0.99057907 -0.02251316 0.290566 0.770459
0.9375 0.3359375 0.0625 -0.2981424 -0.5962848 0.745356 0.468029 0.756171
-0.8125 0.3203125 -0.015625 0.4870486 -0.6262053 0.6088108 0.293919 0.732687
1 0.3671875 0.125 0.55708605 -0.8170596 -0.14855628 0.487167 0.769899
-1 0.3671875 0.125 -0.55708605 -0.8170596 -0.14855628 0.263059 0.769899
1 0.3671875 0.125 0.4723203 -0.8587642 -0.19858922 0.487167 0.769899
-1.2109375 0.484375 0.0859375 -0.4388195 -0.87586236 -0.20075548 0.231606 0.772385
1.0546875 0.3828125 0.1875 0.29752687 -0.86397225 -0.40623862 0.504617 0.782999
-1.2578125 0.4921875 0.2421875 -0.57860976 -0.8046292 -0.13335148 0.220147 0.790754
1.0859375 0.390625 0.2734375 0.5770894 -0.78748655 0.21640854 0.513713 0.804019
-1.0859375 0.390625 0.2734375 -0.5770894 -0.78748655 0.21640854 0.236513 0.804019
0.7734375 0.125 -0.140625 0.09311669 0.069240615 -0.9932447 0.508539 0.641024
-0.7734375 0.125 -0.140625 -0.09311669 0.069240615 -0.9932447 0.241687 0.641024
1.0390625 0.328125 -0.1015625 0.5160672 0.08120854 -0.85268974 0.568728 0.682132
-1.0390625 0.328125 -0.1015625 -0.5160672 0.08120854 -0.85268974 0.181498 0.682132
1.3125 0.53125 0.0546875 0.92641485 -0.28505072 -0.24597119 0.644031 0.69327
-1.3515625 0.421875 0.3203125 -0.93088955 -0.26241693 -0.2541301 0.066352 0.757011
1.3671875 0.5 0.296875 0.826663 0.0034733743 0.5626866 0.668163 0.712097
-1.234375 0.421875 0.5078125 -0.8464949 0.05951918 0.52905935 0.023095 0.698475
1.25 0.546875 0.46875 -0.21456806 0.31566262 0.92429316 0.676584 0.68601
-1.0234375 0.3125 0.4765625 0.25107056 0.21452229 0.94389814 0.020422 0.62437
1.0234375 0.484375 0.4375 -0.41958183 0.20116937 0.88514525 0.667013 0.640198
-0.890625 0.234375 0.40625 0.4840985 0.036126755 0.8742675 0.028934 0.572934
0.7890625 0.328125 -0.125 -0.54702646 0.83699155 -0.0143954335 0.574269 0.607668
-1.0234375 0.484375 0.4375 0.5256307 0.85070765 -0.0029933413 0.083213 0.640198
1.25 0.546875 0.46875 -0.2555612 0.9638835 -0.07494823 0.676584 0.68601
-1.25 0.546875 0.46875 0.2555612 0.9638835 -0.07494823 0.073642 0.68601
0.890625 0.234375 0.40625 -0.7330108 -0.04717397 0.6785793 0.721292 0.572934
-0.7734375 0.4375 0.265625 0.80730927 -0.0040980163 0.59011436 0.120192 0.557583
0.859375 0.3828125 0.3828125 0.68435323 0.7087944 -0.17108831 0.648152 0.594596
-0.859375 0.3828125 0.3828125 -0.68435323 0.7087944 -0.17108831 0.102074 0.594596
0.640625 0.4296875 -0.0078125 -0.3603765 0.4290197 -0.82829404 0.526877 0.539235
-0.640625 0.4296875 -0.0078125 0.3603765 0.4290197 -0.82829404 0.223349 0.539235
3 0 1 2
3 3 4 5
3 6 7 8
3 9 10 11
3 12 13 14
3 15 16 17
3 18 19 20
3 21 22 23
3 24 25 26
3 27 28 29
3 30 31 32
3 33 34 35
3 36 37 38
3 39 40 41
3 42 43 44
3 45 46 47
3 48 49 50
3 51 52 53
3 54 55 56
3 57 58 59
3 60 61 62
3 63 64 65
3 66 67 68
3 69 70 71
3 72 73 74
3 75 76 77
3 78 79 80
3 81 82 83
3 84 85 86
3 87 88 89
3 90 91 92
3 93 94 95
3 96 97 98
3 99 100 101
3 102 103 104
3 105 106 107
3 108 109 110
3 111 112 113
3 114 115 116
3 117 118 119
3 120 121 122
3 123 124 125
3 126 127 128
3 129 130 131
3 132 133 134
3 135 136 137
3 138 139 140
3 141 142 143
3 144 145 146
3 147 148 149
3 150 151 152
3 153 154 155
3 156 157 158
3 159 160 161
3 162 163 164
3 165 166 167
3 168 169 170
3 171 172 173
3 174 175 176
3 177 178 179
3 180 181 182
3 183 184 185
3 186 187 188
3 189 190 191
3 192 193 194
3 195 196 197
3 198 199 200
3 201 202 203
3 204 205 206
3 207 208 209
3 210 211 212
3 213 214 215
3 216 217 218
3 219 220 221
3 222 223 224
3 225 226 227
3 228 229 230
3 231 232 233
3 234 235 236
3 237 238 239
3 240 241 242
3 243 244 245
3 246 247 248
3 249 250 251
3 252 253 254
3 255 256 257
3 258 259 260
3 261 262 263
3 264 265 266
3 267 268 269
3 270 271 272
3 273 274 275
3 276 277 278
3 279 280 281
3 282 283 284
3 285 286 287
3 288 289 290
3 291 292 293
3 294 295 296
3 297 298 299
3 300 301 302
3 303 304 305
3 306 307 308
3 309 310 311
3 312 313 314
3 315 316 317
3 318 319 320
3 321 322 323
3 324 325 326
3 327 328 329
3 330 331 332
3 333 334 335
3 336 337 338
3 339 340 341
3 342 343 344
3 345 346 347
3 348 349 350
3 351 352 353
3 354 355 356
3 357 358 359
3 360 361 362
3 363 364 365
3 366 367 368
3 369 370 371
3 372 373 374
3 375 376 377
3 378 379 380
3 381 382 383
3 384 385 386
3 387 388 389
3 390 391 392
3 393 394 395
3 396 397 398
3 399 400 401
3 402 403 404
3 405 406 407
3 408 409 410
3 411 412 413
3 414 415 416
3 417 418 419
3 420 421 422
3 423 424 425
3 426 427 428
3 429 430 431
3 432 433 434
3 435 436 437
3 438 439 440
3 441 442 443
3 444 445 446
3 447 448 449
3 450 451 452
3 453 454 455
3 456 457 458
3 459 460 461
3 462 463 464
3 465 466 467
3 468 469 470
3 471 472 473
3 474 475 476
3 477 478 479
3 480 481 482
3 483 484 485
3 486 487 488
3 489 490 491
3 492 493 494
3 495 496 497
3 498 499 500
3 501 502 503
3 504 505 506
3 507 508 509
3 510 511 512
3 513 514 515
3 516 517 518
3 519 520 521
3 522 523 524
3 525 526 527
3 528 529 530
3 531 532 533
3 534 535 536
3 537 538 539
3 540 541 542
3 543 544 545
3 546 547 548
3 549 550 551
3 552 553 554
3 555 556 557
3 558 559 560
3 561 562 563
3 564 565 566
3 567 568 569
3 570 571 572
3 573 574 575
3 576 577 578
3 579 580 581
3 582 583 584
3 585 586 587
3 588 589 590
3 591 592 593
3 594 595 596
3 597 598 599
3 600 601 602
3 603 604 605
3 606 607 608
3 609 610 611
3 612 613 614
3 615 616 617
3 618 619 620
3 621 622 623
3 624 625 626
3 627 628 629
3 630 631 632
3 633 634 635
3 636 637 638
3 639 640 641
3 642 643 644
3 645 646 647
3 648 649 650
3 651 652 653
3 654 655 656
3 657 658 659
3 660 661 662
3 663 664 665
3 666 667 668
3 669 670 671
3 672 673 674
3 675 676 677
3 678 679 680
3 681 682 683
3 684 685 686
3 687 688 689
3 690 691 692
3 693 694 695
3 696 697 698
3 699 700 701
3 702 703 704
3 705 706 707
3 708 709 710
3 711 712 713
3 714 715 716
3 717 718 719
3 720 721 722
3 723 724 725
3 726 727 728
3 729 730 731
3 732 733 734
3 735 736 737
3 738 739 740
3 741 742 743
3 744 745 746
3 747 748 749
3 750 751 752
3 753 754 755
3 756 757 758
3 759 760 761
3 762 763 764
3 765 766 767
3 768 769 770
3 771 772 773
3 774 775 776
3 777 778 779
3 780 781 782
3 783 784 785
3 786 787 788
3 789 790 791
3 792 793 794
3 795 796 797
3 798 799 800
3 801 802 803
3 804 805 806
3 807 808 809
3 810 811 812
3 813 814 815
3 816 817 818
3 819 820 821
3 822 823 824
3 825 826 827
3 828 829 830
3 831 832 833
3 834 835 836
3 837 838 839
3 840 841 842
3 843 844 845
3 846 847 848
3 849 850 851
3 852 853 854
3 855 856 857
3 858 859 860
3 861 862 863
3 864 865 866
3 867 868 869
3 870 871 872
3 873 874 875
3 876 877 878
3 879 880 881
3 882 883 884
3 885 886 887
3 888 889 890
3 891 892 893
3 894 895 896
3 897 898 899
3 900 901 902
3 903 904 905
3 906 907 908
3 909 910 911
3 912 913 914
3 915 916 917
3 918 919 920
3 921 922 923
3 924 925 926
3 927 928 929
3 930 931 932
3 933 934 935
3 936 937 938
3 939 940 941
3 942 943 944
3 945 946 947
3 948 949 950
3 951 952 953
3 954 955 956
3 957 958 959
3 960 961 962
3 963 964 965
3 966 967 968
3 969 970 971
3 972 973 974
3 975 976 977
3 978 979 980
3 981 982 983
3 984 985 986
3 987 988 989
3 990 991 992
3 993 994 995
3 996 997 998
3 999 1000 1001
3 1002 1003 1004
3 1005 1006 1007
3 1008 1009 1010
3 1011 1012 1013
3 1014 1015 1016
3 1017 1018 1019
3 1020 1021 1022
3 1023 1024 1025
3 1026 1027 1028
3 1029 1030 1031
3 1032 1033 1034
3 1035 1036 1037
3 1038 1039 1040
3 1041 1042 1043
3 1044 1045 1046
3 1047 1048 1049
3 1050 1051 1052
3 1053 1054 1055
3 1056 1057 1058
3 1059 1060 1061
3 1062 1063 1064
3 1065 1066 1067
3 1068 1069 1070
3 1071 1072 1073
3 1074 1075 1076
3 1077 1078 1079
3 1080 1081 1082
3 1083 1084 1085
3 1086 1087 1088
3 1089 1090 1091
3 1092 1093 1094
3 1095 1096 1097
3 1098 1099 1100
3 1101 1102 1103
3 1104 1105 1106
3 1107 1108 1109
3 1110 1111 1112
3 1113 1114 1115
3 1116 1117 1118
3 1119 1120 1121
3 1122 1123 1124
3 1125 1126 1127
3 1128 1129 1130
3 1131 1132 1133
3 1134 1135 1136
3 1137 1138 1139
3 1140 1141 1142
3 1143 1144 1145
3 1146 1147 1148
3 1149 1150 1151
3 1152 1153 1154
3 1155 1156 1157
3 1158 1159 1160
3 1161 1162 1163
3 1164 1165 1166
3 1167 1168 1169
3 1170 1171 1172
3 1173 1174 1175
3 1176 1177 1178
3 1179 1180 1181
3 1182 1183 1184
3 1185 1186 1187
3 1188 1189 1190
3 1191 1192 1193
3 1194 1195 1196
3 1197 1198 1199
3 1200 1201 1202
3 1203 1204 1205
3 1206 1207 1208
3 1209 1210 1211
3 1212 1213 1214
3 1215 1216 1217
3 1218 1219 1220
3 1221 1222 1223
3 1224 1225 1226
3 1227 1228 1229
3 1230 1231 1232
3 1233 1234 1235
3 1236 1237 1238
3 1239 1240 1241
3 1242 1243 1244
3 1245 1246 1247
3 1248 1249 1250
3 1251 1252 1253
3 1254 1255 1256
3 1257 1258 1259
3 1260 1261 1262
3 1263 1264 1265
3 1266 1267 1268
3 1269 1270 1271
3 1272 1273 1274
3 1275 1276 1277
3 1278 1279 1280
3 1281 1282 1283
3 1284 1285 1286
3 1287 1288 1289
3 1290 1291 1292
3 1293 1294 1295
3 1296 1297 1298
3 1299 1300 1301
3 1302 1303 1304
3 1305 1306 1307
3 1308 1309 1310
3 1311 1312 1313
3 1314 1315 1316
3 1317 1318 1319
3 1320 1321 1322
3 1323 1324 1325
3 1326 1327 1328
3 1329 1330 1331
3 1332 1333 1334
3 1335 1336 1337
3 1338 1339 1340
3 1341 1342 1343
3 1344 1345 1346
3 1347 1348 1349
3 1350 1351 1352
3 1353 1354 1355
3 1356 1357 1358
3 1359 1360 1361
3 1362 1363 1364
3 1365 1366 1367
3 1368 1369 1370
3 1371 1372 1373
3 1374 1375 1376
3 1377 1378 1379
3 1380 1381 1382
3 1383 1384 1385
3 1386 1387 1388
3 1389 1390 1391
3 1392 1393 1394
3 1395 1396 1397
3 1398 1399 1400
3 1401 1402 1403
3 1404 1405 1406
3 1407 1408 1409
3 1410 1411 1412
3 1413 1414 1415
3 1416 1417 1418
3 1419 1420 1421
3 1422 1423 1424
3 1425 1426 1427
3 1428 1429 1430
3 1431 1432 1433
3 1434 1435 1436
3 1437 1438 1439
3 1440 1441 1442
3 1443 1444 1445
3 1446 1447 1448
3 1449 1450 1451
3 1452 1453 1454
3 1455 1456 1457
3 1458 1459 1460
3 1461 1462 1463
3 1464 1465 1466
3 1467 1468 1469
3 1470 1471 1472
3 1473 1474 1475
3 1476 1477 1478
3 1479 1480 1481
3 1482 1483 1484
3 1485 1486 1487
3 1488 1489 1490
3 1491 1492 1493
3 1494 1495 1496
3 1497 1498 1499
3 0 1500 1
3 3 1501 4
3 6 1502 7
3 9 1503 10
3 12 1504 13
3 15 1505 16
3 18 1506 19
3 21 1507 22
3 24 1508 25
3 27 1509 28
3 30 1510 31
3 33 1511 34
3 36 1512 37
3 39 1513 40
3 42 1514 43
3 45 1515 46
3 48 1516 49
3 51 1517 52
3 54 1518 55
3 57 1519 58
3 60 1520 61
3 63 1521 64
3 66 1522 67
3 69 1523 70
3 72 1524 73
3 75 1525 76
3 78 1526 79
3 81 1527 82
3 84 1528 85
3 87 1529 88
3 90 1530 91
3 93 1531 94
3 96 1532 97
3 99 1533 100
3 102 1534 103
3 105 1535 106
3 108 1536 109
3 111 1537 112
3 114 1538 115
3 117 1539 118
3 120 1540 121
3 123 1541 124
3 126 1542 127
3 129 1543 130
3 132 1544 133
3 135 1545 136
3 138 1546 139
3 141 1547 142
3 192 1548 193
3 195 1549 196
3 198 1550 199
3 201 1551 202
3 204 1552 205
3 207 1553 208
3 210 1554 211
3 213 1555 214
3 216 1556 217
3 219 1557 220
3 222 1558 223
3 225 1559 226
3 228 1560 229
3 231 1561 232
3 234 1562 235
3 237 1563 238
3 240 1564 241
3 243 1565 244
3 246 1566 247
3 249 1567 250
3 252 1568 253
3 255 1569 256
3 258 1570 259
3 261 1571 262
3 264 1572 265
3 267 1573 268
3 270 1574 271
3 273 1575 274
3 276 1576 277
3 279 1577 280
3 282 1578 283
3 285 1579 286
3 288 1580 289
3 291 1581 292
3 294 1582 295
3 297 1583 298
3 300 1584 301
3 303 1585 304
3 306 1586 307
3 309 1587 310
3 312 1588 313
3 315 1589 316
3 318 1590 319
3 321 1591 322
3 324 1592 325
3 327 1593 328
3 330 1594 331
3 333 1595 334
3 336 1596 337
3 339 1597 340
3 342 1598 343
3 345 1599 346
3 348 1600 349
3 351 1601 352
3 354 1602 355
3 357 1603 358
3 360 1604 361
3 363 1605 364
3 366 1606 367
3 369 1607 370
3 372 1608 373
3 375 1609 376
3 378 1610 379
3 381 1611 382
3 384 1612 385
3 387 1613 388
3 390 1614 391
3 393 1615 394
3 396 1616 397
3 399 1617 400
3 402 1618 403
3 405 1619 406
3 408 1620 409
3 411 1621 412
3 414 1622 415
3 417 1623 418
3 420 1624 421
3 423 1625 424
3 426 1626 427
3 429 1627 430
3 432 1628 433
3 435 1629 436
3 438 1630 439
3 441 1631 442
3 444 1632 445
3 447 1633 448
3 450 1634 451
3 453 1635 454
3 456 1636 457
3 459 1637 460
3 462 1638 463
3 465 1639 466
3 468 1640 469
3 471 1641 472
3 474 1642 475
3 477 1643 478
3 480 1644 481
3 483 1645 484
3 486 1646 487
3 489 1647 490
3 492 1648 493
3 495 1649 496
3 498 1650 499
3 501 1651 502
3 504 1652 505
3 507 1653 508
3 510 1654 511
3 513 1655 514
3 516 1656 517
3 519 1657 520
3 522 1658 523
3 525 1659 526
3 528 1660 529
3 531 1661 532
3 534 1662 535
3 537 1663 538
3 540 1664 541
3 543 1665 544
3 546 1666 547
3 549 1667 550
3 552 1668 553
3 555 1669 556
3 558 1670 559
3 561 1671 562
3 564 1672 565
3 567 1673 568
3 570 1674 571
3 573 1675 574
3 582 1676 583
3 585 1677 586
3 588 1678 589
3 591 1679 592
3 594 1680 595
3 597 1681 598
3 600 1682 601
3 603 1683 604
3 606 1684 607
3 609 1685 610
3 612 1686 613
3 615 1687 616
3 618 1688 619
3 621 1689 622
3 624 1690 625
3 627 1691 628
3 630 1692 631
3 633 1693 634
3 636 1694 637
3 639 1695 640
3 642 1696 643
3 645 1697 646
3 648 1698 649
3 651 1699 652
3 654 1700 655
3 657 1701 658
3 660 1702 661
3 663 1703 664
3 666 1704 667
3 669 1705 670
3 672 1706 673
3 675 1707 676
3 678 1708 679
3 681 1709 682
3 684 1710 685
3 687 1711 688
3 690 1712 691
3 693 1713 694
3 696 1714 697
3 699 1715 700
3 702 1716 703
3 705 1717 706
3 708 1718 709
3 711 1719 712
3 714 1720 715
3 717 1721 718
3 720 1722 721
3 723 1723 724
3 726 1724 727
3 729 1725 730
3 732 1726 733
3 735 1727 736
3 738 1728 739
3 741 1729 742
3 744 1730 745
3 747 1731 748
3 750 1732 751
3 753 1733 754
3 756 1734 757
3 759 1735 760
3 762 1736 763
3 765 1737 766
3 768 1738 769
3 771 1739 772
3 774 1740 775
3 777 1741 778
3 780 1742 781
3 783 1743 784
3 786 1744 787
3 789 1745 790
3 792 1746 793
3 795 1747 796
3 798 1748 799
3 801 1749 802
3 804 1750 805
3 807 1751 808
3 810 1752 811
3 813 1753 814
3 816 1754 817
3 819 1755 820
3 822 1756 823
3 825 1757 826
3 828 1758 829
3 831 1759 832
3 834 1760 835
3 837 1761 838
3 840 1762 841
3 843 1763 844
3 846 1764 847
3 849 1765 850
3 852 1766 853
3 855 1767 856
3 858 1768 859
3 861 1769 862
3 864 1770 865
3 867 1771 868
3 870 1772 871
3 873 1773 874
3 876 1774 877
3 879 1775 880
3 882 1776 883
3 885 1777 886
3 888 1778 889
3 891 1779 892
3 894 1780 895
3 897 1781 898
3 900 1782 901
3 903 1783 904
3 906 1784 907
3 909 1785 910
3 912 1786 913
3 915 1787 916
3 918 1788 919
3 921 1789 922
3 924 1790 925
3 927 1791 928
3 930 1792 931
3 933 1793 934
3 936 1794 937
3 939 1795 940
3 942 1796 943
3 945 1797 946
3 948 1798 949
3 951 1799 952
3 954 1800 955
3 957 1801 958
3 960 1802 961
3 963 1803 964
3 966 1804 967
3 969 1805 970
3 972 1806 973
3 975 1807 976
3 978 1808 979
3 981 1809 982
3 984 1810 985
3 987 1811 988
3 990 1812 991
3 993 1813 994
3 996 1814 997
3 999 1815 1000
3 1002 1816 1003
3 1005 1817 1006
3 1008 1818 1009
3 1011 1819 1012
3 1014 1820 1015
3 1017 1821 1018
3 1026 1822 1027
3 1029 1823 1030
3 1032 1824 1033
3 1035 1825 1036
3 1038 1826 1039
3 1041 1827 1042
3 1044 1828 1045
3 1047 1829 1048
3 1050 1830 1051
3 1053 1831 1054
3 1056 1832 1057
3 1059 1833 1060
3 1062 1834 1063
3 1065 1835 1066
3 1068 1836 1069
3 1071 1837 1072
3 1086 1838 1087
3 1089 1839 1090
3 1092 1840 1093
3 1095 1841 1096
3 1098 1842 1099
3 1101 1843 1102
3 1104 1844 1105
3 1107 1845 1108
3 1116 1846 1117
3 1119 1847 1120
3 1122 1848 1123
3 1125 1849 1126
3 1128 1850 1129
3 1131 1851 1132
3 1134 1852 1135
3 1137 1853 1138
3 1140 1854 1141
3 1143 1855 1144
3 1146 1856 1147
3 1149 1857 1150
3 1152 1858 1153
3 1155 1859 1156
3 1158 1860 1159
3 1161 1861 1162
3 1164 1862 1165
3 1167 1863 1168
3 1170 1864 1171
3 1173 1865 1174
3 1176 1866 1177
3 1179 1867 1180
3 1182 1868 1183
3 1185 1869 1186
3 1188 1870 1189
3 1191 1871 1192
3 1194 1872 1195
3 1197 1873 1198
3 1200 1874 1201
3 1203 1875 1204
3 1206 1876 1207
3 1209 1877 1210
3 1212 1878 1213
3 1215 1879 1216
3 1218 1880 1219
3 1221 1881 1222
3 1224 1882 1225
3 1227 1883 1228
3 1230 1884 1231
3 1233 1885 1234
3 1236 1886 1237
3 1239 1887 1240
3 1242 1888 1243
3 1245 1889 1246
3 1248 1890 1249
3 1251 1891 1252
3 1254 1892 1255
3 1257 1893 1258
3 1266 1894 1267
3 1269 1895 1270
3 1272 1896 1273
3 1275 1897 1276
3 1278 1898 1279
3 1281 1899 1282
3 1284 1900 1285
3 1287 1901 1288
3 1290 1902 1291
3 1293 1903 1294
3 1296 1904 1297
3 1299 1905 1300
3 1302 1906 1303
3 1305 1907 1306
3 1308 1908 1309
3 1311 1909 1312
3 1314 1910 1315
3 1317 1911 1318
3 1320 1912 1321
3 1323 1913 1324
3 1326 1914 1327
3 1329 1915 1330
3 1332 1916 1333
3 1335 1917 1336
3 1338 1918 1339
3 1341 1919 1342
3 1344 1920 1345
3 1347 1921 1348
3 1350 1922 1351
3 1353 1923 1354
3 1356 1924 1357
3 1359 1925 1360
3 1362 1926 1363
3 1365 1927 1366
3 1368 1928 1369
3 1371 1929 1372
3 1374 1930 1375
3 1377 1931 1378
3 1380 1932 1381
3 1383 1933 1384
3 1386 1934 1387
3 1389 1935 1390
3 1392 1936 1393
3 1395 1937 1396
3 1398 1938 1399
3 1401 1939 1402
3 1404 1940 1405
3 1407 1941 1408
3 1410 1942 1411
3 1413 1943 1414
3 1416 1944 1417
3 1419 1945 1420
3 1428 1946 1429
3 1431 1947 1432
3 1434 1948 1435
3 1437 1949 1438
3 1440 1950 1441
3 1443 1951 1444
3 1446 1952 1447
3 1449 1953 1450
3 1452 1954 1453
3 1455 1955 1456
3 1458 1956 1459
3 1461 1957 1462
3 1464 1958 1465
3 1467 1959 1468
3 1470 1960 1471
3 1473 1961 1474
3 1482 1962 1483
3 1485 1963 1486
3 1488 1964 1489
3 1491 1965 1492
3 1494 1966 1495
3 1497 1967 1498
